run_id,architecture,capability,phase,window_type,process_role,start_timestamp,end_timestamp,duration_ms,mean_cpu,peak_cpu,mean_rss,peak_rss,mean_pss,peak_pss,energy_j,energy_source,process_count,thread_count,sample_count,sample_reliable
phase_modular_grab_bag_20260819_115554_002,modular,grab_bag,modular_idle_footprint,phase,cognitive_module,1787133356559030135,1787133359593216242,3034.186107,6.278596953042897,18.250950570342205,57.844039351851855,59.92578125,29.48046875,30.76171875,,laptop_battery_total:BAT1,2,12,27,true
phase_modular_grab_bag_20260819_115554_002,modular,grab_bag,modular_idle_footprint,phase,hri_challenge_master,1787133356559030135,1787133359593216242,3034.186107,6.248608438510284,17.77777777777778,57.9263599537037,59.98828125,30.376302083333332,31.67578125,,laptop_battery_total:BAT1,2,12,27,true
phase_modular_grab_bag_20260819_115554_002,modular,grab_bag,modular_idle_footprint,phase,total_measured_processes,1787133356559030135,1787133359593216242,3034.186107,12.527205391553183,35.55555555555556,115.77039930555556,119.9140625,59.856770833333336,62.4375,92.93110105467814,laptop_battery_total:BAT1,4,24,27,true
phase_modular_grab_bag_20260819_115554_002,modular,grab_bag,lifecycle_activation,phase,cognitive_module,1787133363306961041,1787133363550568999,243.607958,71.45663531870429,78.54545454545455,178.259765625,179.109375,102.5830078125,102.5830078125,,laptop_battery_total:BAT1,2,19,2,true
phase_modular_grab_bag_20260819_115554_002,modular,grab_bag,lifecycle_activation,phase,hri_challenge_master,1787133363306961041,1787133363550568999,243.607958,8.727272727272728,17.454545454545457,66.498046875,66.640625,38.8818359375,38.8818359375,,laptop_battery_total:BAT1,2,13,2,true
phase_modular_grab_bag_20260819_115554_002,modular,grab_bag,lifecycle_activation,phase,total_measured_processes,1787133363306961041,1787133363550568999,243.607958,80.183908045977,96.0,244.7578125,245.75,141.46484375,141.46484375,3.705839191625074,laptop_battery_total:BAT1,4,32,2,true
phase_modular_grab_bag_20260819_115554_002,modular,grab_bag,initialization,phase,total_measured_processes,1787133363550568999,1787133363551770058,1.201059,,,,,,,,laptop_battery_total:BAT1,0,0,0,false
phase_modular_grab_bag_20260819_115554_002,modular,grab_bag,execution,phase,cognitive_module,1787133363551770058,1787133413315967550,49764.197492,16.135366643024888,83.72093023255813,197.80372679814386,200.43359375,124.24940182714617,126.0,,laptop_battery_total:BAT1,2,22,431,true
phase_modular_grab_bag_20260819_115554_002,modular,grab_bag,execution,phase,hri_challenge_master,1787133363551770058,1787133413315967550,49764.197492,1.775956974313912,18.113207547169814,67.41024688225058,67.875,40.293254241589324,40.7431640625,,laptop_battery_total:BAT1,2,13,431,true
phase_modular_grab_bag_20260819_115554_002,modular,grab_bag,execution,phase,total_measured_processes,1787133363551770058,1787133413315967550,49764.197492,17.911323617338798,91.25475285171103,265.2139736803944,267.3125,164.5426560687355,166.1806640625,2530.271919253661,laptop_battery_total:BAT1,4,35,431,true
phase_modular_grab_bag_20260819_115554_002,modular,grab_bag,completion_propagation,phase,total_measured_processes,1787133413315967550,1787133413317544588,1.577038,,,,,,,,laptop_battery_total:BAT1,0,0,0,false
phase_modular_grab_bag_20260819_115554_002,modular,grab_bag,lifecycle_deactivation,phase,cognitive_module,1787133413317544588,1787133413561773316,244.228728,46.892307692307696,55.38461538461539,198.95703125,199.0,125.3095703125,125.3095703125,,laptop_battery_total:BAT1,2,21,2,true
phase_modular_grab_bag_20260819_115554_002,modular,grab_bag,lifecycle_deactivation,phase,hri_challenge_master,1787133413317544588,1787133413561773316,244.228728,9.230769230769232,18.461538461538463,67.916015625,67.9296875,40.7431640625,40.7431640625,,laptop_battery_total:BAT1,2,13,2,true
phase_modular_grab_bag_20260819_115554_002,modular,grab_bag,lifecycle_deactivation,phase,total_measured_processes,1787133413317544588,1787133413561773316,244.228728,56.12307692307692,73.84615384615385,266.873046875,266.9296875,166.052734375,166.052734375,6.383476366137529,laptop_battery_total:BAT1,4,34,2,true
phase_modular_grab_bag_20260819_115554_002,modular,grab_bag,pre_execution,comparable,cognitive_module,1787133359593216242,1787133363551770058,3958.553816,18.663982037594845,126.3157894736842,129.2681919642857,179.109375,66.75100446428571,102.5830078125,,laptop_battery_total:BAT1,2,19,35,true
phase_modular_grab_bag_20260819_115554_002,modular,grab_bag,pre_execution,comparable,hri_challenge_master,1787133359593216242,1787133363551770058,3958.553816,5.875083575938278,18.823529411764707,63.90892857142857,66.640625,36.36841517857143,38.8818359375,,laptop_battery_total:BAT1,2,13,35,true
phase_modular_grab_bag_20260819_115554_002,modular,grab_bag,pre_execution,comparable,total_measured_processes,1787133359593216242,1787133363551770058,3958.553816,24.539065613533122,144.36090225563908,193.1771205357143,245.75,103.11941964285714,141.46484375,126.699522412444,laptop_battery_total:BAT1,4,32,35,true
phase_modular_grab_bag_20260819_115554_002,modular,grab_bag,e2e_active,e2e,cognitive_module,1787133359593216242,1787133413561773316,53968.557074,16.455912414196927,126.3157894736842,192.6831346821581,200.43359375,119.95383864182692,126.0,,laptop_battery_total:BAT1,2,22,468,true
phase_modular_grab_bag_20260819_115554_002,modular,grab_bag,e2e_active,e2e,hri_challenge_master,1787133359593216242,1787133413561773316,53968.557074,2.1143737597193897,18.823529411764707,67.15055755876068,67.9296875,40.00165264423077,40.7431640625,,laptop_battery_total:BAT1,2,13,468,true
phase_modular_grab_bag_20260819_115554_002,modular,grab_bag,e2e_active,e2e,total_measured_processes,1787133359593216242,1787133413561773316,53968.557074,18.570286173916294,144.36090225563908,259.8336922409188,267.3125,159.95549128605768,166.1806640625,2673.3541674224675,laptop_battery_total:BAT1,4,35,468,true
phase_modular_grab_bag_20260819_115554_002,modular,grab_bag,e2e_capability,e2e,cognitive_module,1787133363551770058,1787133413317544588,49765.77453,16.135366643024888,83.72093023255813,197.80372679814386,200.43359375,124.24940182714617,126.0,,laptop_battery_total:BAT1,2,22,431,true
phase_modular_grab_bag_20260819_115554_002,modular,grab_bag,e2e_capability,e2e,hri_challenge_master,1787133363551770058,1787133413317544588,49765.77453,1.775956974313912,18.113207547169814,67.41024688225058,67.875,40.293254241589324,40.7431640625,,laptop_battery_total:BAT1,2,13,431,true
phase_modular_grab_bag_20260819_115554_002,modular,grab_bag,e2e_capability,e2e,total_measured_processes,1787133363551770058,1787133413317544588,49765.77453,17.911323617338798,91.25475285171103,265.2139736803944,267.3125,164.5426560687355,166.1806640625,2530.271919253661,laptop_battery_total:BAT1,4,35,431,true
phase_modular_grab_bag_20260819_115554_002,modular,grab_bag,e2e_with_modular_idle,e2e,cognitive_module,1787133356559030135,1787133413561773316,57002.743181,15.900786116315794,126.3157894736842,185.3282749368687,200.43359375,115.01892755681818,126.0,,laptop_battery_total:BAT1,2,22,495,true
phase_modular_grab_bag_20260819_115554_002,modular,grab_bag,e2e_with_modular_idle,e2e,hri_challenge_master,1787133356559030135,1787133413561773316,57002.743181,2.33987746947162,18.823529411764707,66.64741950757576,67.9296875,39.476633522727276,40.7431640625,,laptop_battery_total:BAT1,2,13,495,true
phase_modular_grab_bag_20260819_115554_002,modular,grab_bag,e2e_with_modular_idle,e2e,total_measured_processes,1787133356559030135,1787133413561773316,57002.743181,18.240663585787395,144.36090225563908,251.97569444444446,267.3125,154.49556107954547,166.1806640625,2770.0110796320864,laptop_battery_total:BAT1,4,35,495,true
phase_bt_grab_bag_20260819_115656_008,bt,grab_bag,bt_setup_pre_execution,phase,bt_executor,1787133416559183790,1787133424128367956,7569.184166,20.750912433015156,136.17021276595744,184.3009014423077,204.625,106.39661959134615,128.84375,,laptop_battery_total:BAT1,2,18,65,true
phase_bt_grab_bag_20260819_115656_008,bt,grab_bag,bt_setup_pre_execution,phase,total_measured_processes,1787133416559183790,1787133424128367956,7569.184166,20.750912433015156,136.17021276595744,184.3009014423077,204.625,106.39661959134615,128.84375,430.70517817650807,laptop_battery_total:BAT1,2,18,65,true
phase_bt_grab_bag_20260819_115656_008,bt,grab_bag,execution,phase,bt_executor,1787133424128367956,1787133480905248691,56776.880735,12.711395969149892,80.29739776951672,224.5948491270243,227.51953125,151.36867804276315,153.849609375,,laptop_battery_total:BAT1,2,21,494,true
phase_bt_grab_bag_20260819_115656_008,bt,grab_bag,execution,phase,total_measured_processes,1787133424128367956,1787133480905248691,56776.880735,12.711395969149892,80.29739776951672,224.5948491270243,227.51953125,151.36867804276315,153.849609375,3321.0431444860465,laptop_battery_total:BAT1,2,21,494,true
phase_bt_grab_bag_20260819_115656_008,bt,grab_bag,completion_propagation,phase,total_measured_processes,1787133480905248691,1787133480905402129,0.153438,,,,,,,,laptop_battery_total:BAT1,0,0,0,false
phase_bt_grab_bag_20260819_115656_008,bt,grab_bag,post_completion,phase,total_measured_processes,1787133480905402129,1787133480905427867,0.025738,,,,,,,,laptop_battery_total:BAT1,0,0,0,false
phase_bt_grab_bag_20260819_115656_008,bt,grab_bag,pre_execution,comparable,bt_executor,1787133416559183790,1787133424128367956,7569.184166,20.750912433015156,136.17021276595744,184.3009014423077,204.625,106.39661959134615,128.84375,,laptop_battery_total:BAT1,2,18,65,true
phase_bt_grab_bag_20260819_115656_008,bt,grab_bag,pre_execution,comparable,total_measured_processes,1787133416559183790,1787133424128367956,7569.184166,20.750912433015156,136.17021276595744,184.3009014423077,204.625,106.39661959134615,128.84375,430.70517817650807,laptop_battery_total:BAT1,2,18,65,true
phase_bt_grab_bag_20260819_115656_008,bt,grab_bag,e2e_active,e2e,bt_executor,1787133416559183790,1787133480905427867,64346.244077,13.646223464948182,136.17021276595744,219.90950637298747,227.51953125,146.13936892050538,153.849609375,,laptop_battery_total:BAT1,2,21,559,true
phase_bt_grab_bag_20260819_115656_008,bt,grab_bag,e2e_active,e2e,total_measured_processes,1787133416559183790,1787133480905427867,64346.244077,13.646223464948182,136.17021276595744,219.90950637298747,227.51953125,146.13936892050538,153.849609375,3758.379430050016,laptop_battery_total:BAT1,2,21,559,true
phase_bt_grab_bag_20260819_115656_008,bt,grab_bag,e2e_capability,e2e,bt_executor,1787133424128367956,1787133480905402129,56777.034173,12.711395969149892,80.29739776951672,224.5948491270243,227.51953125,151.36867804276315,153.849609375,,laptop_battery_total:BAT1,2,21,494,true
phase_bt_grab_bag_20260819_115656_008,bt,grab_bag,e2e_capability,e2e,total_measured_processes,1787133424128367956,1787133480905402129,56777.034173,12.711395969149892,80.29739776951672,224.5948491270243,227.51953125,151.36867804276315,153.849609375,3321.0431444860465,laptop_battery_total:BAT1,2,21,494,true
phase_modular_grab_bag_20260819_115802_000,modular,grab_bag,modular_idle_footprint,phase,cognitive_module,1787133484023938249,1787133487043627231,3019.688982,7.713574924488534,17.97752808988764,58.16135817307692,60.22265625,29.28868689903846,31.3642578125,,laptop_battery_total:BAT1,2,12,26,true
phase_modular_grab_bag_20260819_115802_000,modular,grab_bag,modular_idle_footprint,phase,hri_challenge_master,1787133484023938249,1787133487043627231,3019.688982,7.437872174220493,26.08695652173913,58.01923076923077,60.140625,30.171424278846153,32.2578125,,laptop_battery_total:BAT1,2,12,26,true
phase_modular_grab_bag_20260819_115802_000,modular,grab_bag,modular_idle_footprint,phase,total_measured_processes,1787133484023938249,1787133487043627231,3019.688982,15.151447098709026,34.78260869565217,116.1805889423077,120.36328125,59.46011117788461,63.6220703125,171.8508088618155,laptop_battery_total:BAT1,4,24,26,true
phase_modular_grab_bag_20260819_115802_000,modular,grab_bag,lifecycle_activation,phase,cognitive_module,1787133491263953839,1787133491586255347,322.301508,69.04271761868596,77.41935483870968,180.49869791666666,183.47265625,106.05891927083333,107.4775390625,,laptop_battery_total:BAT1,2,20,3,true
phase_modular_grab_bag_20260819_115802_000,modular,grab_bag,lifecycle_activation,phase,hri_challenge_master,1787133491263953839,1787133491586255347,322.301508,11.593116680657152,17.843866171003718,66.72265625,66.8828125,39.528645833333336,39.6982421875,,laptop_battery_total:BAT1,2,13,3,true
phase_modular_grab_bag_20260819_115802_000,modular,grab_bag,lifecycle_activation,phase,total_measured_processes,1787133491263953839,1787133491586255347,322.301508,80.63583429934312,89.2193308550186,247.22135416666666,250.35546875,145.58756510416666,147.17578125,13.946869517617415,laptop_battery_total:BAT1,4,33,3,true
phase_modular_grab_bag_20260819_115802_000,modular,grab_bag,initialization,phase,total_measured_processes,1787133491586255347,1787133491586621454,0.366107,,,,,,,,laptop_battery_total:BAT1,0,0,0,false
phase_modular_grab_bag_20260819_115802_000,modular,grab_bag,execution,phase,cognitive_module,1787133491586621454,1787133534575850527,42989.229073,11.21740103765366,79.41176470588236,197.5906334231806,203.41796875,123.86783766425202,127.64453125,,laptop_battery_total:BAT1,2,22,371,true
phase_modular_grab_bag_20260819_115802_000,modular,grab_bag,execution,phase,hri_challenge_master,1787133491586621454,1787133534575850527,42989.229073,2.2340207900611646,18.3206106870229,67.27932319743935,67.6328125,40.24508560057278,40.6015625,,laptop_battery_total:BAT1,2,13,371,true
phase_modular_grab_bag_20260819_115802_000,modular,grab_bag,execution,phase,total_measured_processes,1787133491586621454,1787133534575850527,42989.229073,13.451421827714816,88.23529411764707,264.86995662062,270.4375,164.1129232648248,167.640625,2551.728222314676,laptop_battery_total:BAT1,4,35,371,true
phase_modular_grab_bag_20260819_115802_000,modular,grab_bag,completion_propagation,phase,total_measured_processes,1787133534575850527,1787133534577751094,1.900567,,,,,,,,laptop_battery_total:BAT1,0,0,0,false
phase_modular_grab_bag_20260819_115802_000,modular,grab_bag,lifecycle_deactivation,phase,cognitive_module,1787133534577751094,1787133534809827473,232.076379,48.260940120084385,60.431654676258994,198.267578125,198.2890625,124.51953125,124.51953125,,laptop_battery_total:BAT1,2,18,2,true
phase_modular_grab_bag_20260819_115802_000,modular,grab_bag,lifecycle_deactivation,phase,hri_challenge_master,1787133534577751094,1787133534809827473,232.076379,8.827824958078649,9.022556390977442,67.6875,67.70703125,40.6015625,40.6015625,,laptop_battery_total:BAT1,2,13,2,true
phase_modular_grab_bag_20260819_115802_000,modular,grab_bag,lifecycle_deactivation,phase,total_measured_processes,1787133534577751094,1787133534809827473,232.076379,57.08876507816303,69.06474820143885,265.955078125,265.95703125,165.12109375,165.12109375,6.925958780140718,laptop_battery_total:BAT1,4,31,2,true
phase_modular_grab_bag_20260819_115802_000,modular,grab_bag,pre_execution,comparable,cognitive_module,1787133487043627231,1787133491586621454,4542.994223,23.250706910623997,136.65480427046265,129.47786458333334,183.47265625,69.25390625,107.4775390625,,laptop_battery_total:BAT1,2,20,39,true
phase_modular_grab_bag_20260819_115802_000,modular,grab_bag,pre_execution,comparable,hri_challenge_master,1787133487043627231,1787133491586621454,4542.994223,8.712520414636748,25.622775800711743,64.34825721153847,66.8828125,36.82116386217949,39.6982421875,,laptop_battery_total:BAT1,2,13,39,true
phase_modular_grab_bag_20260819_115802_000,modular,grab_bag,pre_execution,comparable,total_measured_processes,1787133487043627231,1787133491586621454,4542.994223,31.963227325260743,162.27758007117438,193.8261217948718,250.35546875,106.07507011217949,147.17578125,266.71388255648526,laptop_battery_total:BAT1,4,33,39,true
phase_modular_grab_bag_20260819_115802_000,modular,grab_bag,e2e_active,e2e,cognitive_module,1787133487043627231,1787133534809827473,47766.200242,12.536299113407804,136.65480427046265,191.1463516383495,203.41796875,118.70123587302791,127.64453125,,laptop_battery_total:BAT1,2,22,412,true
phase_modular_grab_bag_20260819_115802_000,modular,grab_bag,e2e_active,e2e,hri_challenge_master,1787133487043627231,1787133534809827473,47766.200242,2.8792855805817523,25.622775800711743,67.00384936286407,67.70703125,39.92270697436287,40.6015625,,laptop_battery_total:BAT1,2,13,412,true
phase_modular_grab_bag_20260819_115802_000,modular,grab_bag,e2e_active,e2e,total_measured_processes,1787133487043627231,1787133534809827473,47766.200242,15.415584693989546,162.27758007117438,258.1502010012136,270.4375,158.62394284739077,167.640625,2839.134470859388,laptop_battery_total:BAT1,4,35,412,true
phase_modular_grab_bag_20260819_115802_000,modular,grab_bag,e2e_capability,e2e,cognitive_module,1787133491586621454,1787133534577751094,42991.12964,11.21740103765366,79.41176470588236,197.5906334231806,203.41796875,123.86783766425202,127.64453125,,laptop_battery_total:BAT1,2,22,371,true
phase_modular_grab_bag_20260819_115802_000,modular,grab_bag,e2e_capability,e2e,hri_challenge_master,1787133491586621454,1787133534577751094,42991.12964,2.2340207900611646,18.3206106870229,67.27932319743935,67.6328125,40.24508560057278,40.6015625,,laptop_battery_total:BAT1,2,13,371,true
phase_modular_grab_bag_20260819_115802_000,modular,grab_bag,e2e_capability,e2e,total_measured_processes,1787133491586621454,1787133534577751094,42991.12964,13.451421827714816,88.23529411764707,264.86995662062,270.4375,164.1129232648248,167.640625,2551.728222314676,laptop_battery_total:BAT1,4,35,371,true
phase_modular_grab_bag_20260819_115802_000,modular,grab_bag,e2e_with_modular_idle,e2e,cognitive_module,1787133484023938249,1787133534809827473,50785.889224,12.250018682102093,136.65480427046265,183.25226526826484,203.41796875,113.39364164169521,127.64453125,,laptop_battery_total:BAT1,2,22,438,true
phase_modular_grab_bag_20260819_115802_000,modular,grab_bag,e2e_with_modular_idle,e2e,hri_challenge_master,1787133484023938249,1787133534809827473,50785.889224,3.1498866112543715,26.08695652173913,66.4705158390411,67.70703125,39.34386370933219,40.6015625,,laptop_battery_total:BAT1,2,13,438,true
phase_modular_grab_bag_20260819_115802_000,modular,grab_bag,e2e_with_modular_idle,e2e,total_measured_processes,1787133484023938249,1787133534809827473,50785.889224,15.399905293356458,162.27758007117438,249.72278110730593,270.4375,152.7375053510274,167.640625,3017.8007185973865,laptop_battery_total:BAT1,4,35,438,true
phase_modular_grab_bag_20260819_115857_008,modular,grab_bag,modular_idle_footprint,phase,cognitive_module,1787133539332927862,1787133542356953162,3024.0253,7.142872840006316,17.97752808988764,56.932436342592595,59.5078125,29.130208333333332,30.2578125,,laptop_battery_total:BAT1,2,12,27,true
phase_modular_grab_bag_20260819_115857_008,modular,grab_bag,modular_idle_footprint,phase,hri_challenge_master,1787133539332927862,1787133542356953162,3024.0253,6.192061273096059,17.91044776119403,56.94965277777778,59.5234375,29.8193359375,30.9365234375,,laptop_battery_total:BAT1,2,12,27,true
phase_modular_grab_bag_20260819_115857_008,modular,grab_bag,modular_idle_footprint,phase,total_measured_processes,1787133539332927862,1787133542356953162,3024.0253,13.33493411310237,35.16483516483516,113.88208912037037,119.03125,58.949544270833336,61.1943359375,178.26063033643732,laptop_battery_total:BAT1,4,24,27,true
phase_modular_grab_bag_20260819_115857_008,modular,grab_bag,lifecycle_activation,phase,cognitive_module,1787133546352292478,1787133546666400994,314.108516,69.79523516030476,84.80565371024736,179.60286458333334,182.6875,102.8349609375,102.8349609375,,laptop_battery_total:BAT1,2,20,3,true
phase_modular_grab_bag_20260819_115857_008,modular,grab_bag,lifecycle_activation,phase,hri_challenge_master,1787133546352292478,1787133546666400994,314.108516,5.6537102473498235,16.96113074204947,66.3671875,66.52734375,39.1171875,39.1171875,,laptop_battery_total:BAT1,2,13,3,true
phase_modular_grab_bag_20260819_115857_008,modular,grab_bag,lifecycle_activation,phase,total_measured_processes,1787133546352292478,1787133546666400994,314.108516,75.44894540765459,101.76678445229683,245.97005208333334,249.21484375,141.9521484375,141.9521484375,13.82500253327271,laptop_battery_total:BAT1,4,33,3,true
phase_modular_grab_bag_20260819_115857_008,modular,grab_bag,initialization,phase,total_measured_processes,1787133546666400994,1787133546667769312,1.368318,,,,,,,,laptop_battery_total:BAT1,0,0,0,false
phase_modular_grab_bag_20260819_115857_008,modular,grab_bag,execution,phase,cognitive_module,1787133546667769312,1787133595639644772,48971.87546,18.237055754535437,82.75862068965517,196.4420819757109,202.50390625,123.37353747037915,128.8427734375,,laptop_battery_total:BAT1,2,22,422,true
phase_modular_grab_bag_20260819_115857_008,modular,grab_bag,execution,phase,hri_challenge_master,1787133546667769312,1787133595639644772,48971.87546,1.8708262385276484,17.58241758241758,67.21611189277252,67.6015625,40.448235245112556,40.837890625,,laptop_battery_total:BAT1,2,13,422,true
phase_modular_grab_bag_20260819_115857_008,modular,grab_bag,execution,phase,total_measured_processes,1787133546667769312,1787133595639644772,48971.87546,20.107881993063064,88.88888888888889,263.6581938684834,269.52734375,163.8217727154917,169.0166015625,2891.139058456054,laptop_battery_total:BAT1,4,35,422,true
phase_modular_grab_bag_20260819_115857_008,modular,grab_bag,completion_propagation,phase,total_measured_processes,1787133595639644772,1787133595641545229,1.900457,,,,,,,,laptop_battery_total:BAT1,0,0,0,false
phase_modular_grab_bag_20260819_115857_008,modular,grab_bag,lifecycle_deactivation,phase,cognitive_module,1787133595641545229,1787133595890515933,248.970704,50.28522039757995,64.61538461538461,197.44140625,197.45703125,124.23193359375,124.3046875,,laptop_battery_total:BAT1,2,18,2,true
phase_modular_grab_bag_20260819_115857_008,modular,grab_bag,lifecycle_deactivation,phase,hri_challenge_master,1787133595641545229,1787133595890515933,248.970704,13.725151253241142,18.461538461538463,67.65234375,67.66796875,40.873046875,40.908203125,,laptop_battery_total:BAT1,2,13,2,true
phase_modular_grab_bag_20260819_115857_008,modular,grab_bag,lifecycle_deactivation,phase,total_measured_processes,1787133595641545229,1787133595890515933,248.970704,64.0103716508211,83.07692307692308,265.09375,265.09375,165.10498046875,165.212890625,6.637436795610483,laptop_battery_total:BAT1,4,31,2,true
phase_modular_grab_bag_20260819_115857_008,modular,grab_bag,pre_execution,comparable,cognitive_module,1787133542356953162,1787133546667769312,4310.81615,24.19432012454276,140.65934065934064,130.84136284722223,182.6875,67.3994140625,102.8349609375,,laptop_battery_total:BAT1,2,20,36,true
phase_modular_grab_bag_20260819_115857_008,modular,grab_bag,pre_execution,comparable,hri_challenge_master,1787133542356953162,1787133546667769312,4310.81615,9.290354166410255,26.568265682656822,63.455729166666664,66.52734375,36.1552734375,39.1171875,,laptop_battery_total:BAT1,2,13,36,true
phase_modular_grab_bag_20260819_115857_008,modular,grab_bag,pre_execution,comparable,total_measured_processes,1787133542356953162,1787133546667769312,4310.81615,33.48467429095301,158.24175824175822,194.29709201388889,249.21484375,103.5546875,141.9521484375,246.92564898657656,laptop_battery_total:BAT1,4,33,36,true
phase_modular_grab_bag_20260819_115857_008,modular,grab_bag,e2e_active,e2e,cognitive_module,1787133542356953162,1787133595890515933,53533.562771,18.842616290636194,140.65934065934064,191.31245754076087,202.50390625,118.99668605638587,128.8427734375,,laptop_battery_total:BAT1,2,22,460,true
phase_modular_grab_bag_20260819_115857_008,modular,grab_bag,e2e_active,e2e,hri_challenge_master,1787133542356953162,1787133595890515933,53533.562771,2.50302548946939,26.568265682656822,66.92371773097825,67.66796875,40.114111328125,40.908203125,,laptop_battery_total:BAT1,2,13,460,true
phase_modular_grab_bag_20260819_115857_008,modular,grab_bag,e2e_active,e2e,total_measured_processes,1787133542356953162,1787133595890515933,53533.562771,21.345641780105577,158.24175824175822,258.2361752717391,269.52734375,159.11079738451087,169.0166015625,3158.5130713560484,laptop_battery_total:BAT1,4,35,460,true
phase_modular_grab_bag_20260819_115857_008,modular,grab_bag,e2e_capability,e2e,cognitive_module,1787133546667769312,1787133595641545229,48973.775917,18.237055754535437,82.75862068965517,196.4420819757109,202.50390625,123.37353747037915,128.8427734375,,laptop_battery_total:BAT1,2,22,422,true
phase_modular_grab_bag_20260819_115857_008,modular,grab_bag,e2e_capability,e2e,hri_challenge_master,1787133546667769312,1787133595641545229,48973.775917,1.8708262385276484,17.58241758241758,67.21611189277252,67.6015625,40.448235245112556,40.837890625,,laptop_battery_total:BAT1,2,13,422,true
phase_modular_grab_bag_20260819_115857_008,modular,grab_bag,e2e_capability,e2e,total_measured_processes,1787133546667769312,1787133595641545229,48973.775917,20.107881993063064,88.88888888888889,263.6581938684834,269.52734375,163.8217727154917,169.0166015625,2891.139058456054,laptop_battery_total:BAT1,4,35,422,true
phase_modular_grab_bag_20260819_115857_008,modular,grab_bag,e2e_with_modular_idle,e2e,cognitive_module,1787133539332927862,1787133595890515933,56557.588071,18.193965216371286,140.65934065934064,183.86223049281315,202.50390625,114.01435566927618,128.8427734375,,laptop_battery_total:BAT1,2,22,487,true
phase_modular_grab_bag_20260819_115857_008,modular,grab_bag,e2e_with_modular_idle,e2e,hri_challenge_master,1787133539332927862,1787133595890515933,56557.588071,2.707551087329595,26.568265682656822,66.37074082392198,67.66796875,39.54335376026694,40.908203125,,laptop_battery_total:BAT1,2,13,487,true
phase_modular_grab_bag_20260819_115857_008,modular,grab_bag,e2e_with_modular_idle,e2e,total_measured_processes,1787133539332927862,1787133595890515933,56557.588071,20.90151630370087,158.24175824175822,250.2329713167351,269.52734375,153.5577094295431,169.0166015625,3343.7015792597667,laptop_battery_total:BAT1,4,35,487,true
phase_bt_grab_bag_20260819_115958_005,bt,grab_bag,bt_setup_pre_execution,phase,bt_executor,1787133598691969575,1787133604249201057,5557.231482,23.085672670186636,140.14598540145985,205.166748046875,263.0078125,121.26068115234375,184.88671875,,laptop_battery_total:BAT1,2,18,48,true
phase_bt_grab_bag_20260819_115958_005,bt,grab_bag,bt_setup_pre_execution,phase,total_measured_processes,1787133598691969575,1787133604249201057,5557.231482,23.085672670186636,140.14598540145985,205.166748046875,263.0078125,121.26068115234375,184.88671875,323.7910644473377,laptop_battery_total:BAT1,2,18,48,true
phase_bt_grab_bag_20260819_115958_005,bt,grab_bag,execution,phase,bt_executor,1787133604249201057,1787133660941857456,56692.656399,10.089863532471,80.29739776951672,231.58186485801218,267.8125,159.14905354652637,184.88671875,,laptop_battery_total:BAT1,2,21,493,true
phase_bt_grab_bag_20260819_115958_005,bt,grab_bag,execution,phase,total_measured_processes,1787133604249201057,1787133660941857456,56692.656399,10.089863532471,80.29739776951672,231.58186485801218,267.8125,159.14905354652637,184.88671875,3354.589847496418,laptop_battery_total:BAT1,2,21,493,true
phase_bt_grab_bag_20260819_115958_005,bt,grab_bag,completion_propagation,phase,total_measured_processes,1787133660941857456,1787133660942010490,0.153034,,,,,,,,laptop_battery_total:BAT1,0,0,0,false
phase_bt_grab_bag_20260819_115958_005,bt,grab_bag,post_completion,phase,total_measured_processes,1787133660942010490,1787133660942039233,0.028743,,,,,,,,laptop_battery_total:BAT1,0,0,0,false
phase_bt_grab_bag_20260819_115958_005,bt,grab_bag,pre_execution,comparable,bt_executor,1787133598691969575,1787133604249201057,5557.231482,23.085672670186636,140.14598540145985,205.166748046875,263.0078125,121.26068115234375,184.88671875,,laptop_battery_total:BAT1,2,18,48,true
phase_bt_grab_bag_20260819_115958_005,bt,grab_bag,pre_execution,comparable,total_measured_processes,1787133598691969575,1787133604249201057,5557.231482,23.085672670186636,140.14598540145985,205.166748046875,263.0078125,121.26068115234375,184.88671875,323.7910644473377,laptop_battery_total:BAT1,2,18,48,true
phase_bt_grab_bag_20260819_115958_005,bt,grab_bag,e2e_active,e2e,bt_executor,1787133598691969575,1787133660942039233,62250.069658,11.242911293303457,140.14598540145985,229.23819460489833,267.8125,155.78742346349352,184.88671875,,laptop_battery_total:BAT1,2,21,541,true
phase_bt_grab_bag_20260819_115958_005,bt,grab_bag,e2e_active,e2e,total_measured_processes,1787133598691969575,1787133660942039233,62250.069658,11.242911293303457,140.14598540145985,229.23819460489833,267.8125,155.78742346349352,184.88671875,3685.5463595248857,laptop_battery_total:BAT1,2,21,541,true
phase_bt_grab_bag_20260819_115958_005,bt,grab_bag,e2e_capability,e2e,bt_executor,1787133604249201057,1787133660942010490,56692.809433,10.089863532471,80.29739776951672,231.58186485801218,267.8125,159.14905354652637,184.88671875,,laptop_battery_total:BAT1,2,21,493,true
phase_bt_grab_bag_20260819_115958_005,bt,grab_bag,e2e_capability,e2e,total_measured_processes,1787133604249201057,1787133660942010490,56692.809433,10.089863532471,80.29739776951672,231.58186485801218,267.8125,159.14905354652637,184.88671875,3354.589847496418,laptop_battery_total:BAT1,2,21,493,true
phase_bt_grab_bag_20260819_120102_002,bt,grab_bag,bt_setup_pre_execution,phase,bt_executor,1787133662116616756,1787133668273435967,6156.819211,19.35382727636339,113.86861313868613,204.10119398584905,262.21875,121.5680092865566,176.5888671875,,laptop_battery_total:BAT1,2,19,53,true
phase_bt_grab_bag_20260819_120102_002,bt,grab_bag,bt_setup_pre_execution,phase,total_measured_processes,1787133662116616756,1787133668273435967,6156.819211,19.35382727636339,113.86861313868613,204.10119398584905,262.21875,121.5680092865566,176.5888671875,354.66497930123296,laptop_battery_total:BAT1,2,19,53,true
phase_bt_grab_bag_20260819_120102_002,bt,grab_bag,execution,phase,bt_executor,1787133668273435967,1787133727396630065,59123.194098,28.17179017399519,87.27272727272727,228.63262139187867,267.8125,156.3770391236546,176.5888671875,,laptop_battery_total:BAT1,2,21,511,true
phase_bt_grab_bag_20260819_120102_002,bt,grab_bag,execution,phase,total_measured_processes,1787133668273435967,1787133727396630065,59123.194098,28.17179017399519,87.27272727272727,228.63262139187867,267.8125,156.3770391236546,176.5888671875,3168.454660675401,laptop_battery_total:BAT1,2,21,511,true
phase_bt_grab_bag_20260819_120102_002,bt,grab_bag,completion_propagation,phase,total_measured_processes,1787133727396630065,1787133727396733949,0.103884,,,,,,,,laptop_battery_total:BAT1,0,0,0,false
phase_bt_grab_bag_20260819_120102_002,bt,grab_bag,post_completion,phase,total_measured_processes,1787133727396733949,1787133727396748417,0.014468,,,,,,,,laptop_battery_total:BAT1,0,0,0,false
phase_bt_grab_bag_20260819_120102_002,bt,grab_bag,pre_execution,comparable,bt_executor,1787133662116616756,1787133668273435967,6156.819211,19.35382727636339,113.86861313868613,204.10119398584905,262.21875,121.5680092865566,176.5888671875,,laptop_battery_total:BAT1,2,19,53,true
phase_bt_grab_bag_20260819_120102_002,bt,grab_bag,pre_execution,comparable,total_measured_processes,1787133662116616756,1787133668273435967,6156.819211,19.35382727636339,113.86861313868613,204.10119398584905,262.21875,121.5680092865566,176.5888671875,354.66497930123296,laptop_battery_total:BAT1,2,19,53,true
phase_bt_grab_bag_20260819_120102_002,bt,grab_bag,e2e_active,e2e,bt_executor,1787133662116616756,1787133727396748417,65280.131661,27.343151816593625,113.86861313868613,226.3273631427305,267.8125,153.10597780917553,176.5888671875,,laptop_battery_total:BAT1,2,21,564,true
phase_bt_grab_bag_20260819_120102_002,bt,grab_bag,e2e_active,e2e,total_measured_processes,1787133662116616756,1787133727396748417,65280.131661,27.343151816593625,113.86861313868613,226.3273631427305,267.8125,153.10597780917553,176.5888671875,3530.1711346245684,laptop_battery_total:BAT1,2,21,564,true
phase_bt_grab_bag_20260819_120102_002,bt,grab_bag,e2e_capability,e2e,bt_executor,1787133668273435967,1787133727396733949,59123.297982,28.17179017399519,87.27272727272727,228.63262139187867,267.8125,156.3770391236546,176.5888671875,,laptop_battery_total:BAT1,2,21,511,true
phase_bt_grab_bag_20260819_120102_002,bt,grab_bag,e2e_capability,e2e,total_measured_processes,1787133668273435967,1787133727396733949,59123.297982,28.17179017399519,87.27272727272727,228.63262139187867,267.8125,156.3770391236546,176.5888671875,3168.454660675401,laptop_battery_total:BAT1,2,21,511,true
phase_bt_grab_bag_20260819_120208_004,bt,grab_bag,bt_setup_pre_execution,phase,bt_executor,1787133728652304508,1787133736132609148,7480.30464,18.59598564138776,114.28571428571428,183.23173076923078,206.89453125,106.62515024038461,131.9599609375,,laptop_battery_total:BAT1,2,20,65,true
phase_bt_grab_bag_20260819_120208_004,bt,grab_bag,bt_setup_pre_execution,phase,total_measured_processes,1787133728652304508,1787133736132609148,7480.30464,18.59598564138776,114.28571428571428,183.23173076923078,206.89453125,106.62515024038461,131.9599609375,338.4171516025308,laptop_battery_total:BAT1,2,20,65,true
phase_bt_grab_bag_20260819_120208_004,bt,grab_bag,execution,phase,bt_executor,1787133736132609148,1787133828861873088,92729.26394,15.634420745140815,86.64259927797833,224.32233129669987,227.43359375,151.48694957386363,154.080078125,,laptop_battery_total:BAT1,2,21,803,true
phase_bt_grab_bag_20260819_120208_004,bt,grab_bag,execution,phase,total_measured_processes,1787133736132609148,1787133828861873088,92729.26394,15.634420745140815,86.64259927797833,224.32233129669987,227.43359375,151.48694957386363,154.080078125,4024.6237594142913,laptop_battery_total:BAT1,2,21,803,true
phase_bt_grab_bag_20260819_120208_004,bt,grab_bag,completion_propagation,phase,total_measured_processes,1787133828861873088,1787133828862033699,0.160611,,,,,,,,laptop_battery_total:BAT1,0,0,0,false
phase_bt_grab_bag_20260819_120208_004,bt,grab_bag,post_completion,phase,total_measured_processes,1787133828862033699,1787133828862053977,0.020278,,,,,,,,laptop_battery_total:BAT1,0,0,0,false
phase_bt_grab_bag_20260819_120208_004,bt,grab_bag,pre_execution,comparable,bt_executor,1787133728652304508,1787133736132609148,7480.30464,18.59598564138776,114.28571428571428,183.23173076923078,206.89453125,106.62515024038461,131.9599609375,,laptop_battery_total:BAT1,2,20,65,true
phase_bt_grab_bag_20260819_120208_004,bt,grab_bag,pre_execution,comparable,total_measured_processes,1787133728652304508,1787133736132609148,7480.30464,18.59598564138776,114.28571428571428,183.23173076923078,206.89453125,106.62515024038461,131.9599609375,338.4171516025308,laptop_battery_total:BAT1,2,20,65,true
phase_bt_grab_bag_20260819_120208_004,bt,grab_bag,e2e_active,e2e,bt_executor,1787133728652304508,1787133828862053977,100209.749469,15.856196918246871,114.28571428571428,221.24527019729263,227.43359375,148.12748303391416,154.080078125,,laptop_battery_total:BAT1,2,21,868,true
phase_bt_grab_bag_20260819_120208_004,bt,grab_bag,e2e_active,e2e,total_measured_processes,1787133728652304508,1787133828862053977,100209.749469,15.856196918246871,114.28571428571428,221.24527019729263,227.43359375,148.12748303391416,154.080078125,4368.366415040702,laptop_battery_total:BAT1,2,21,868,true
phase_bt_grab_bag_20260819_120208_004,bt,grab_bag,e2e_capability,e2e,bt_executor,1787133736132609148,1787133828862033699,92729.424551,15.634420745140815,86.64259927797833,224.32233129669987,227.43359375,151.48694957386363,154.080078125,,laptop_battery_total:BAT1,2,21,803,true
phase_bt_grab_bag_20260819_120208_004,bt,grab_bag,e2e_capability,e2e,total_measured_processes,1787133736132609148,1787133828862033699,92729.424551,15.634420745140815,86.64259927797833,224.32233129669987,227.43359375,151.48694957386363,154.080078125,4024.6237594142913,laptop_battery_total:BAT1,2,21,803,true
phase_bt_grab_bag_20260819_120350_006,bt,grab_bag,bt_setup_pre_execution,phase,bt_executor,1787133830748038973,1787133836251656328,5503.617355,20.107441534121634,114.70588235294117,205.2362034574468,263.984375,121.09611868351064,189.009765625,,laptop_battery_total:BAT1,2,18,47,true
phase_bt_grab_bag_20260819_120350_006,bt,grab_bag,bt_setup_pre_execution,phase,total_measured_processes,1787133830748038973,1787133836251656328,5503.617355,20.107441534121634,114.70588235294117,205.2362034574468,263.984375,121.09611868351064,189.009765625,231.75126282173733,laptop_battery_total:BAT1,2,18,47,true
phase_bt_grab_bag_20260819_120350_006,bt,grab_bag,execution,phase,bt_executor,1787133836251656328,1787134000813178547,164561.522219,22.95267089763086,103.2258064516129,228.36252644569817,271.2890625,156.05374399462272,189.009765625,,laptop_battery_total:BAT1,2,21,1418,true
phase_bt_grab_bag_20260819_120350_006,bt,grab_bag,execution,phase,total_measured_processes,1787133836251656328,1787134000813178547,164561.522219,22.95267089763086,103.2258064516129,228.36252644569817,271.2890625,156.05374399462272,189.009765625,7780.869189458132,laptop_battery_total:BAT1,2,21,1418,true
phase_bt_grab_bag_20260819_120350_006,bt,grab_bag,completion_propagation,phase,total_measured_processes,1787134000813178547,1787134000813379865,0.201318,,,,,,,,laptop_battery_total:BAT1,0,0,0,false
phase_bt_grab_bag_20260819_120350_006,bt,grab_bag,post_completion,phase,total_measured_processes,1787134000813379865,1787134000813399382,0.019517,,,,,,,,laptop_battery_total:BAT1,0,0,0,false
phase_bt_grab_bag_20260819_120350_006,bt,grab_bag,pre_execution,comparable,bt_executor,1787133830748038973,1787133836251656328,5503.617355,20.107441534121634,114.70588235294117,205.2362034574468,263.984375,121.09611868351064,189.009765625,,laptop_battery_total:BAT1,2,18,47,true
phase_bt_grab_bag_20260819_120350_006,bt,grab_bag,pre_execution,comparable,total_measured_processes,1787133830748038973,1787133836251656328,5503.617355,20.107441534121634,114.70588235294117,205.2362034574468,263.984375,121.09611868351064,189.009765625,231.75126282173733,laptop_battery_total:BAT1,2,18,47,true
phase_bt_grab_bag_20260819_120350_006,bt,grab_bag,e2e_active,e2e,bt_executor,1787133830748038973,1787134000813399382,170065.360409,22.861390501668463,114.70588235294117,227.62058980375426,271.2890625,154.93223656143346,189.009765625,,laptop_battery_total:BAT1,2,21,1465,true
phase_bt_grab_bag_20260819_120350_006,bt,grab_bag,e2e_active,e2e,total_measured_processes,1787133830748038973,1787134000813399382,170065.360409,22.861390501668463,114.70588235294117,227.62058980375426,271.2890625,154.93223656143346,189.009765625,8017.706323197468,laptop_battery_total:BAT1,2,21,1465,true
phase_bt_grab_bag_20260819_120350_006,bt,grab_bag,e2e_capability,e2e,bt_executor,1787133836251656328,1787134000813379865,164561.723537,22.95267089763086,103.2258064516129,228.36252644569817,271.2890625,156.05374399462272,189.009765625,,laptop_battery_total:BAT1,2,21,1418,true
phase_bt_grab_bag_20260819_120350_006,bt,grab_bag,e2e_capability,e2e,total_measured_processes,1787133836251656328,1787134000813379865,164561.723537,22.95267089763086,103.2258064516129,228.36252644569817,271.2890625,156.05374399462272,189.009765625,7780.869189458132,laptop_battery_total:BAT1,2,21,1418,true
phase_modular_grab_bag_20260819_120645_004,modular,grab_bag,modular_idle_footprint,phase,cognitive_module,1787134007250943775,1787134010273954735,3023.01096,6.58737966509078,18.39080459770115,59.21574519230769,61.11328125,30.649939903846153,32.47265625,,laptop_battery_total:BAT1,2,12,26,true
phase_modular_grab_bag_20260819_120645_004,modular,grab_bag,modular_idle_footprint,phase,hri_challenge_master,1787134007250943775,1787134010273954735,3023.01096,7.203415483745478,18.39080459770115,58.79221754807692,60.66015625,31.375826322115383,33.1552734375,,laptop_battery_total:BAT1,2,12,26,true
phase_modular_grab_bag_20260819_120645_004,modular,grab_bag,modular_idle_footprint,phase,total_measured_processes,1787134007250943775,1787134010273954735,3023.01096,13.79079514883626,36.7816091954023,118.00796274038461,121.7734375,62.02576622596154,65.6279296875,165.79334870897583,laptop_battery_total:BAT1,4,24,26,true
phase_modular_grab_bag_20260819_120645_004,modular,grab_bag,lifecycle_activation,phase,cognitive_module,1787134014624068568,1787134014926364780,302.296212,69.06647252506913,90.72164948453607,180.0078125,182.79296875,106.32682291666667,107.7314453125,,laptop_battery_total:BAT1,2,20,3,true
phase_modular_grab_bag_20260819_120645_004,modular,grab_bag,lifecycle_activation,phase,hri_challenge_master,1787134014624068568,1787134014926364780,302.296212,8.319227108718296,8.60215053763441,66.47395833333333,66.6640625,39.4775390625,39.634765625,,laptop_battery_total:BAT1,2,13,3,true
phase_modular_grab_bag_20260819_120645_004,modular,grab_bag,lifecycle_activation,phase,total_measured_processes,1787134014624068568,1787134014926364780,302.296212,77.38569963378744,98.96907216494844,246.48177083333334,249.45703125,145.80436197916666,147.3662109375,13.8395675294596,laptop_battery_total:BAT1,4,33,3,true
phase_modular_grab_bag_20260819_120645_004,modular,grab_bag,initialization,phase,total_measured_processes,1787134014926364780,1787134014927599697,1.234917,,,,,,,,laptop_battery_total:BAT1,0,0,0,false
phase_modular_grab_bag_20260819_120645_004,modular,grab_bag,execution,phase,cognitive_module,1787134014927599697,1787134086277513501,71349.913804,25.738853883294134,88.56088560885608,198.00114738036302,202.24609375,124.49070009540017,128.9580078125,,laptop_battery_total:BAT1,2,22,606,true
phase_modular_grab_bag_20260819_120645_004,modular,grab_bag,execution,phase,hri_challenge_master,1787134014927599697,1787134086277513501,71349.913804,2.294261424811991,17.91044776119403,67.2307523721122,67.63671875,40.384011448019805,40.794921875,,laptop_battery_total:BAT1,2,13,606,true
phase_modular_grab_bag_20260819_120645_004,modular,grab_bag,execution,phase,total_measured_processes,1787134014927599697,1787134086277513501,71349.913804,28.033115308106122,97.05882352941177,265.2318997524753,269.2421875,164.87471154341998,169.1044921875,4010.1777335812876,laptop_battery_total:BAT1,4,35,606,true
phase_modular_grab_bag_20260819_120645_004,modular,grab_bag,completion_propagation,phase,total_measured_processes,1787134086277513501,1787134086279529061,2.01556,,,,,,,,laptop_battery_total:BAT1,0,0,0,false
phase_modular_grab_bag_20260819_120645_004,modular,grab_bag,lifecycle_deactivation,phase,cognitive_module,1787134086279529061,1787134086525009889,245.480828,65.27794310201166,77.41935483870968,199.1484375,199.18359375,125.5986328125,125.5986328125,,laptop_battery_total:BAT1,2,18,2,true
phase_modular_grab_bag_20260819_120645_004,modular,grab_bag,lifecycle_deactivation,phase,hri_challenge_master,1787134086279529061,1787134086525009889,245.480828,8.729119549260009,8.856088560885608,67.64453125,67.64453125,40.794921875,40.794921875,,laptop_battery_total:BAT1,2,13,2,true
phase_modular_grab_bag_20260819_120645_004,modular,grab_bag,lifecycle_deactivation,phase,total_measured_processes,1787134086279529061,1787134086525009889,245.480828,74.00706265127167,86.0215053763441,266.79296875,266.828125,166.3935546875,166.3935546875,6.666658740774437,laptop_battery_total:BAT1,4,31,2,true
phase_modular_grab_bag_20260819_120645_004,modular,grab_bag,pre_execution,comparable,cognitive_module,1787134010273954735,1787134014927599697,4653.644962,21.957909832944488,137.14285714285714,126.65665064102564,182.79296875,69.51552483974359,107.7314453125,,laptop_battery_total:BAT1,2,20,39,true
phase_modular_grab_bag_20260819_120645_004,modular,grab_bag,pre_execution,comparable,hri_challenge_master,1787134010273954735,1787134014927599697,4653.644962,7.461373602915548,34.40860215053764,63.95933493589744,66.6640625,36.72215544871795,39.634765625,,laptop_battery_total:BAT1,2,13,39,true
phase_modular_grab_bag_20260819_120645_004,modular,grab_bag,pre_execution,comparable,total_measured_processes,1787134010273954735,1787134014927599697,4653.644962,29.419283435860027,162.85714285714286,190.61598557692307,249.45703125,106.23768028846153,147.3662109375,256.8915951333547,laptop_battery_total:BAT1,4,33,39,true
phase_modular_grab_bag_20260819_120645_004,modular,grab_bag,e2e_active,e2e,cognitive_module,1787134010273954735,1787134086525009889,76251.055154,25.633168196236635,137.14285714285714,193.70417552163832,202.24609375,121.18031992610123,128.9580078125,,laptop_battery_total:BAT1,2,22,647,true
phase_modular_grab_bag_20260819_120645_004,modular,grab_bag,e2e_active,e2e,hri_challenge_master,1787134010273954735,1787134086525009889,76251.055154,2.6256170526248725,34.40860215053764,67.03483626352396,67.64453125,40.16455153593508,40.794921875,,laptop_battery_total:BAT1,2,13,647,true
phase_modular_grab_bag_20260819_120645_004,modular,grab_bag,e2e_active,e2e,total_measured_processes,1787134010273954735,1787134086525009889,76251.055154,28.258785248861475,162.85714285714286,260.7390117851623,269.2421875,161.3448714620363,169.1044921875,4286.885388155875,laptop_battery_total:BAT1,4,35,647,true
phase_modular_grab_bag_20260819_120645_004,modular,grab_bag,e2e_capability,e2e,cognitive_module,1787134014927599697,1787134086279529061,71351.929364,25.738853883294134,88.56088560885608,198.00114738036302,202.24609375,124.49070009540017,128.9580078125,,laptop_battery_total:BAT1,2,22,606,true
phase_modular_grab_bag_20260819_120645_004,modular,grab_bag,e2e_capability,e2e,hri_challenge_master,1787134014927599697,1787134086279529061,71351.929364,2.294261424811991,17.91044776119403,67.2307523721122,67.63671875,40.384011448019805,40.794921875,,laptop_battery_total:BAT1,2,13,606,true
phase_modular_grab_bag_20260819_120645_004,modular,grab_bag,e2e_capability,e2e,total_measured_processes,1787134014927599697,1787134086279529061,71351.929364,28.033115308106122,97.05882352941177,265.2318997524753,269.2421875,164.87471154341998,169.1044921875,4010.1777335812876,laptop_battery_total:BAT1,4,35,606,true
phase_modular_grab_bag_20260819_120645_004,modular,grab_bag,e2e_with_modular_idle,e2e,cognitive_module,1787134007250943775,1787134086525009889,79274.066114,24.897372502611386,137.14285714285714,188.50848579123328,202.24609375,117.68286096536033,128.9580078125,,laptop_battery_total:BAT1,2,22,673,true
phase_modular_grab_bag_20260819_120645_004,modular,grab_bag,e2e_with_modular_idle,e2e,hri_challenge_master,1787134007250943775,1787134086525009889,79274.066114,2.8024710781956537,34.40860215053764,66.71639928491828,67.64453125,39.82501683228083,40.794921875,,laptop_battery_total:BAT1,2,13,673,true
phase_modular_grab_bag_20260819_120645_004,modular,grab_bag,e2e_with_modular_idle,e2e,total_measured_processes,1787134007250943775,1787134086525009889,79274.066114,27.699843580807016,162.85714285714286,255.22488507615157,269.2421875,157.50787779764116,169.1044921875,4459.199018287254,laptop_battery_total:BAT1,4,35,673,true
phase_modular_grab_bag_20260819_120810_009,modular,grab_bag,modular_idle_footprint,phase,cognitive_module,1787134092985932636,1787134096022960047,3037.027411,9.34909875963568,26.08695652173913,58.64693509615385,61.1875,30.67518028846154,32.4140625,,laptop_battery_total:BAT1,2,12,26,true
phase_modular_grab_bag_20260819_120810_009,modular,grab_bag,modular_idle_footprint,phase,hri_challenge_master,1787134092985932636,1787134096022960047,3037.027411,7.702045993481436,18.181818181818183,58.49173677884615,61.0234375,31.388221153846153,33.10546875,,laptop_battery_total:BAT1,2,12,26,true
phase_modular_grab_bag_20260819_120810_009,modular,grab_bag,modular_idle_footprint,phase,total_measured_processes,1787134092985932636,1787134096022960047,3037.027411,17.051144753117114,43.47826086956522,117.138671875,122.2109375,62.06340144230769,65.51953125,164.29437550390867,laptop_battery_total:BAT1,4,24,26,true
phase_modular_grab_bag_20260819_120810_009,modular,grab_bag,lifecycle_activation,phase,cognitive_module,1787134100110553861,1787134100409174018,298.620157,63.498005559260946,86.64259927797833,179.15625,182.21875,103.1416015625,103.1416015625,,laptop_battery_total:BAT1,2,20,3,true
phase_modular_grab_bag_20260819_120810_009,modular,grab_bag,lifecycle_activation,phase,hri_challenge_master,1787134100110553861,1787134100409174018,298.620157,11.5736519733259,17.454545454545457,66.52994791666667,66.66796875,39.126953125,39.126953125,,laptop_battery_total:BAT1,2,13,3,true
phase_modular_grab_bag_20260819_120810_009,modular,grab_bag,lifecycle_activation,phase,total_measured_processes,1787134100110553861,1787134100409174018,298.620157,75.07165753258685,95.30685920577616,245.68619791666666,248.88671875,142.2685546875,142.2685546875,13.155906414744095,laptop_battery_total:BAT1,4,33,3,true
phase_modular_grab_bag_20260819_120810_009,modular,grab_bag,initialization,phase,total_measured_processes,1787134100409174018,1787134100410842167,1.668149,,,,,,,,laptop_battery_total:BAT1,0,0,0,false
phase_modular_grab_bag_20260819_120810_009,modular,grab_bag,execution,phase,cognitive_module,1787134100410842167,1787134147945287006,47534.444839,19.646715497289883,87.91208791208791,198.96978457611385,204.70703125,125.83658531868812,131.53125,,laptop_battery_total:BAT1,2,22,404,true
phase_modular_grab_bag_20260819_120810_009,modular,grab_bag,execution,phase,hri_challenge_master,1787134100410842167,1787134147945287006,47534.444839,1.93390642162879,16.842105263157894,67.14004486386139,67.5078125,40.34177753712871,40.7099609375,,laptop_battery_total:BAT1,2,13,404,true
phase_modular_grab_bag_20260819_120810_009,modular,grab_bag,execution,phase,total_measured_processes,1787134100410842167,1787134147945287006,47534.444839,21.58062191891864,96.0,266.1098294399753,271.52734375,166.17836285581683,171.5615234375,2652.1324158758,laptop_battery_total:BAT1,4,35,404,true
phase_modular_grab_bag_20260819_120810_009,modular,grab_bag,completion_propagation,phase,total_measured_processes,1787134147945287006,1787134147947299563,2.012557,,,,,,,,laptop_battery_total:BAT1,0,0,0,false
phase_modular_grab_bag_20260819_120810_009,modular,grab_bag,lifecycle_deactivation,phase,cognitive_module,1787134147947299563,1787134148178904565,231.605002,36.15098655990849,44.60966542750929,197.6171875,199.1796875,124.27001953125,125.78515625,,laptop_battery_total:BAT1,2,21,2,true
phase_modular_grab_bag_20260819_120810_009,modular,grab_bag,lifecycle_deactivation,phase,hri_challenge_master,1787134147947299563,1787134148178904565,231.605002,4.615384615384616,9.230769230769232,67.548828125,67.56640625,40.7431640625,40.7763671875,,laptop_battery_total:BAT1,2,13,2,true
phase_modular_grab_bag_20260819_120810_009,modular,grab_bag,lifecycle_deactivation,phase,total_measured_processes,1787134147947299563,1787134148178904565,231.605002,40.76637117529311,44.60966542750929,265.166015625,266.7109375,165.01318359375,166.4951171875,6.208916032897832,laptop_battery_total:BAT1,4,34,2,true
phase_modular_grab_bag_20260819_120810_009,modular,grab_bag,pre_execution,comparable,cognitive_module,1787134096022960047,1787134100410842167,4387.88212,23.064868966224477,120.43010752688173,127.10567989864865,182.21875,67.79859058277027,103.1416015625,,laptop_battery_total:BAT1,2,20,37,true
phase_modular_grab_bag_20260819_120810_009,modular,grab_bag,pre_execution,comparable,hri_challenge_master,1787134096022960047,1787134100410842167,4387.88212,8.097109013158432,26.568265682656822,64.4430954391892,66.66796875,37.16886613175676,39.126953125,,laptop_battery_total:BAT1,2,13,37,true
phase_modular_grab_bag_20260819_120810_009,modular,grab_bag,pre_execution,comparable,total_measured_processes,1787134096022960047,1787134100410842167,4387.88212,31.161977979382907,129.03225806451613,191.54877533783784,248.88671875,104.96745671452703,142.2685546875,242.79539357859903,laptop_battery_total:BAT1,4,33,37,true
phase_modular_grab_bag_20260819_120810_009,modular,grab_bag,e2e_active,e2e,cognitive_module,1787134096022960047,1787134148178904565,52155.944518,20.00671599497795,120.43010752688173,192.9614841986456,204.70703125,120.98209561935666,131.53125,,laptop_battery_total:BAT1,2,22,443,true
phase_modular_grab_bag_20260819_120810_009,modular,grab_bag,e2e_active,e2e,hri_challenge_master,1787134096022960047,1787134148178904565,52155.944518,2.460772002382987,26.568265682656822,66.91663727426636,67.56640625,40.07858352144469,40.7763671875,,laptop_battery_total:BAT1,2,13,443,true
phase_modular_grab_bag_20260819_120810_009,modular,grab_bag,e2e_active,e2e,total_measured_processes,1787134096022960047,1787134148178904565,52155.944518,22.46748799736091,129.03225806451613,259.87812147291197,271.52734375,161.06067914080134,171.5615234375,2913.789825736727,laptop_battery_total:BAT1,4,35,443,true
phase_modular_grab_bag_20260819_120810_009,modular,grab_bag,e2e_capability,e2e,cognitive_module,1787134100410842167,1787134147947299563,47536.457396,19.646715497289883,87.91208791208791,198.96978457611385,204.70703125,125.83658531868812,131.53125,,laptop_battery_total:BAT1,2,22,404,true
phase_modular_grab_bag_20260819_120810_009,modular,grab_bag,e2e_capability,e2e,hri_challenge_master,1787134100410842167,1787134147947299563,47536.457396,1.93390642162879,16.842105263157894,67.14004486386139,67.5078125,40.34177753712871,40.7099609375,,laptop_battery_total:BAT1,2,13,404,true
phase_modular_grab_bag_20260819_120810_009,modular,grab_bag,e2e_capability,e2e,total_measured_processes,1787134100410842167,1787134147947299563,47536.457396,21.58062191891864,96.0,266.1098294399753,271.52734375,166.17836285581683,171.5615234375,2652.1324158758,laptop_battery_total:BAT1,4,35,404,true
phase_modular_grab_bag_20260819_120810_009,modular,grab_bag,e2e_with_modular_idle,e2e,cognitive_module,1787134092985932636,1787134148178904565,55192.971929,19.41588860026814,120.43010752688173,185.51547507995735,204.70703125,115.9757421042111,131.53125,,laptop_battery_total:BAT1,2,22,469,true
phase_modular_grab_bag_20260819_120810_009,modular,grab_bag,e2e_with_modular_idle,e2e,hri_challenge_master,1787134092985932636,1787134148178904565,55192.971929,2.751333033872454,26.568265682656822,66.44958522121536,67.56640625,39.59681503198294,40.7763671875,,laptop_battery_total:BAT1,2,13,469,true
phase_modular_grab_bag_20260819_120810_009,modular,grab_bag,e2e_with_modular_idle,e2e,total_measured_processes,1787134092985932636,1787134148178904565,55192.971929,22.167221634140557,129.03225806451613,251.9650603011727,271.52734375,155.57255713619404,171.5615234375,3084.713682346868,laptop_battery_total:BAT1,4,35,469,true
phase_modular_grab_bag_20260819_120911_007,modular,grab_bag,modular_idle_footprint,phase,cognitive_module,1787134153111933767,1787134156144932093,3032.998326,6.0696237428189725,18.250950570342205,57.697265625,58.74609375,29.841721754807693,30.4677734375,,laptop_battery_total:BAT1,2,12,26,true
phase_modular_grab_bag_20260819_120911_007,modular,grab_bag,modular_idle_footprint,phase,hri_challenge_master,1787134153111933767,1787134156144932093,3032.998326,4.383006445772079,17.843866171003718,57.59164663461539,58.60546875,30.5126953125,31.1806640625,,laptop_battery_total:BAT1,2,12,26,true
phase_modular_grab_bag_20260819_120911_007,modular,grab_bag,modular_idle_footprint,phase,total_measured_processes,1787134153111933767,1787134156144932093,3032.998326,10.452630188591051,26.666666666666668,115.28891225961539,117.3515625,60.35441706730769,61.6484375,164.20942358676984,laptop_battery_total:BAT1,4,24,26,true
phase_modular_grab_bag_20260819_120911_007,modular,grab_bag,lifecycle_activation,phase,cognitive_module,1787134160213619674,1787134160521446978,307.827304,94.55087701561948,115.12915129151291,178.953125,180.2265625,103.080078125,103.080078125,,laptop_battery_total:BAT1,2,19,2,true
phase_modular_grab_bag_20260819_120911_007,modular,grab_bag,lifecycle_activation,phase,hri_challenge_master,1787134160213619674,1787134160521446978,307.827304,12.647222362634583,16.43835616438356,66.72265625,66.93359375,39.146484375,39.146484375,,laptop_battery_total:BAT1,2,13,2,true
phase_modular_grab_bag_20260819_120911_007,modular,grab_bag,lifecycle_activation,phase,total_measured_processes,1787134160213619674,1787134160521446978,307.827304,107.19809937825406,123.98523985239852,245.67578125,247.16015625,142.2265625,142.2265625,6.874060798007122,laptop_battery_total:BAT1,4,32,2,true
phase_modular_grab_bag_20260819_120911_007,modular,grab_bag,initialization,phase,total_measured_processes,1787134160521446978,1787134160523965676,2.518698,,,,,,,,laptop_battery_total:BAT1,0,0,0,false
phase_modular_grab_bag_20260819_120911_007,modular,grab_bag,execution,phase,cognitive_module,1787134160523965676,1787134202516205127,41992.239451,12.53535137717146,96.0,198.49434793994413,203.17578125,125.00009820181565,127.73828125,,laptop_battery_total:BAT1,2,22,358,true
phase_modular_grab_bag_20260819_120911_007,modular,grab_bag,execution,phase,hri_challenge_master,1787134160523965676,1787134202516205127,41992.239451,1.8296385149515333,17.712177121771216,67.33869806215084,67.68359375,40.33428716393156,40.6796875,,laptop_battery_total:BAT1,2,13,358,true
phase_modular_grab_bag_20260819_120911_007,modular,grab_bag,execution,phase,total_measured_processes,1787134160523965676,1787134202516205127,41992.239451,14.364989892122997,96.0,265.833046002095,270.3203125,165.3343853657472,167.88671875,2342.1380929502047,laptop_battery_total:BAT1,4,35,358,true
phase_modular_grab_bag_20260819_120911_007,modular,grab_bag,completion_propagation,phase,total_measured_processes,1787134202516205127,1787134202517765796,1.560669,,,,,,,,laptop_battery_total:BAT1,0,0,0,false
phase_modular_grab_bag_20260819_120911_007,modular,grab_bag,lifecycle_deactivation,phase,cognitive_module,1787134202517765796,1787134202741377625,223.611829,31.37844611528822,36.09022556390977,199.189453125,199.23828125,125.80859375,125.80859375,,laptop_battery_total:BAT1,2,21,2,true
phase_modular_grab_bag_20260819_120911_007,modular,grab_bag,lifecycle_deactivation,phase,hri_challenge_master,1787134202517765796,1787134202741377625,223.611829,4.511278195488721,9.022556390977442,67.720703125,67.734375,40.6796875,40.6796875,,laptop_battery_total:BAT1,2,13,2,true
phase_modular_grab_bag_20260819_120911_007,modular,grab_bag,lifecycle_deactivation,phase,total_measured_processes,1787134202517765796,1787134202741377625,223.611829,35.88972431077694,45.11278195488721,266.91015625,266.97265625,166.48828125,166.48828125,6.192010716149525,laptop_battery_total:BAT1,4,34,2,true
phase_modular_grab_bag_20260819_120911_007,modular,grab_bag,pre_execution,comparable,cognitive_module,1787134156144932093,1787134160523965676,4379.033583,27.691336426434773,123.28767123287672,127.56803385416667,180.2265625,67.59369574652777,103.080078125,,laptop_battery_total:BAT1,2,19,36,true
phase_modular_grab_bag_20260819_120911_007,modular,grab_bag,pre_execution,comparable,hri_challenge_master,1787134156144932093,1787134160523965676,4379.033583,9.995298467651267,26.373626373626376,63.75835503472222,66.93359375,36.14935980902778,39.146484375,,laptop_battery_total:BAT1,2,13,36,true
phase_modular_grab_bag_20260819_120911_007,modular,grab_bag,pre_execution,comparable,total_measured_processes,1787134156144932093,1787134160523965676,4379.033583,37.68663489408604,147.94520547945206,191.32638888888889,247.16015625,103.74305555555556,142.2265625,238.43973395436478,laptop_battery_total:BAT1,4,32,36,true
phase_modular_grab_bag_20260819_120911_007,modular,grab_bag,e2e_active,e2e,cognitive_module,1787134156144932093,1787134202741377625,46596.445532,14.008335344973766,123.28767123287672,192.05001183712122,203.17578125,119.78541765309343,127.73828125,,laptop_battery_total:BAT1,2,22,396,true
phase_modular_grab_bag_20260819_120911_007,modular,grab_bag,e2e_active,e2e,hri_challenge_master,1787134156144932093,1787134202741377625,46596.445532,2.5855148726744255,26.373626373626376,67.01514165088383,67.734375,39.95558366871843,40.6796875,,laptop_battery_total:BAT1,2,13,396,true
phase_modular_grab_bag_20260819_120911_007,modular,grab_bag,e2e_active,e2e,total_measured_processes,1787134156144932093,1787134202741377625,46596.445532,16.5938502176482,147.94520547945206,259.065153488005,270.3203125,159.74100132181186,167.88671875,2599.8621668015257,laptop_battery_total:BAT1,4,35,396,true
phase_modular_grab_bag_20260819_120911_007,modular,grab_bag,e2e_capability,e2e,cognitive_module,1787134160523965676,1787134202517765796,41993.80012,12.53535137717146,96.0,198.49434793994413,203.17578125,125.00009820181565,127.73828125,,laptop_battery_total:BAT1,2,22,358,true
phase_modular_grab_bag_20260819_120911_007,modular,grab_bag,e2e_capability,e2e,hri_challenge_master,1787134160523965676,1787134202517765796,41993.80012,1.8296385149515333,17.712177121771216,67.33869806215084,67.68359375,40.33428716393156,40.6796875,,laptop_battery_total:BAT1,2,13,358,true
phase_modular_grab_bag_20260819_120911_007,modular,grab_bag,e2e_capability,e2e,total_measured_processes,1787134160523965676,1787134202517765796,41993.80012,14.364989892122997,96.0,265.833046002095,270.3203125,165.3343853657472,167.88671875,2342.1380929502047,laptop_battery_total:BAT1,4,35,358,true
phase_modular_grab_bag_20260819_120911_007,modular,grab_bag,e2e_with_modular_idle,e2e,cognitive_module,1787134153111933767,1787134202741377625,49629.443858,13.519220412139587,123.28767123287672,183.77235448755926,203.17578125,114.24386292950237,127.73828125,,laptop_battery_total:BAT1,2,22,422,true
phase_modular_grab_bag_20260819_120911_007,modular,grab_bag,e2e_with_modular_idle,e2e,hri_challenge_master,1787134153111933767,1787134202741377625,49629.443858,2.69626079897902,26.373626373626376,66.43454717120854,67.734375,39.373794338714454,40.6796875,,laptop_battery_total:BAT1,2,13,422,true
phase_modular_grab_bag_20260819_120911_007,modular,grab_bag,e2e_with_modular_idle,e2e,total_measured_processes,1787134153111933767,1787134202741377625,49629.443858,16.215481211118615,147.94520547945206,250.20690165876778,270.3203125,153.61765726821682,167.88671875,2770.6118383651483,laptop_battery_total:BAT1,4,35,422,true
phase_modular_grab_bag_20260819_121005_001,modular,grab_bag,modular_idle_footprint,phase,cognitive_module,1787134207379937275,1787134210398934061,3018.996786,7.586012451224033,17.391304347826086,58.35591947115385,60.12109375,29.904822716346153,31.6572265625,,laptop_battery_total:BAT1,2,12,26,true
phase_modular_grab_bag_20260819_121005_001,modular,grab_bag,modular_idle_footprint,phase,hri_challenge_master,1787134207379937275,1787134210398934061,3018.996786,5.903322670832065,17.08185053380783,57.94831730769231,59.73046875,30.603740985576923,32.3466796875,,laptop_battery_total:BAT1,2,12,26,true
phase_modular_grab_bag_20260819_121005_001,modular,grab_bag,modular_idle_footprint,phase,total_measured_processes,1787134207379937275,1787134210398934061,3018.996786,13.489335122056103,33.80281690140845,116.30423677884616,119.8515625,60.50856370192308,64.00390625,163.1661789312493,laptop_battery_total:BAT1,4,24,26,true
phase_modular_grab_bag_20260819_121005_001,modular,grab_bag,lifecycle_activation,phase,cognitive_module,1787134214626569833,1787134214969231789,342.661956,87.65092296965028,106.48464163822527,180.30859375,182.44921875,106.26806640625,109.388671875,,laptop_battery_total:BAT1,2,19,2,true
phase_modular_grab_bag_20260819_121005_001,modular,grab_bag,lifecycle_activation,phase,hri_challenge_master,1787134214626569833,1787134214969231789,342.661956,8.19112627986348,16.38225255972696,66.42578125,66.5078125,39.40283203125,39.6767578125,,laptop_battery_total:BAT1,2,13,2,true
phase_modular_grab_bag_20260819_121005_001,modular,grab_bag,lifecycle_activation,phase,total_measured_processes,1787134214626569833,1787134214969231789,342.661956,95.84204924951376,122.86689419795223,246.734375,248.95703125,145.6708984375,149.0654296875,6.556325663528696,laptop_battery_total:BAT1,4,32,2,true
phase_modular_grab_bag_20260819_121005_001,modular,grab_bag,initialization,phase,total_measured_processes,1787134214969231789,1787134214970820060,1.588271,,,,,,,,laptop_battery_total:BAT1,0,0,0,false
phase_modular_grab_bag_20260819_121005_001,modular,grab_bag,execution,phase,cognitive_module,1787134214970820060,1787134256641187308,41670.367248,12.817810334498363,95.65217391304347,200.24838894774012,203.8984375,126.44463387182203,129.7529296875,,laptop_battery_total:BAT1,2,22,354,true
phase_modular_grab_bag_20260819_121005_001,modular,grab_bag,execution,phase,hri_challenge_master,1787134214970820060,1787134256641187308,41670.367248,1.9033368520751093,17.51824817518248,66.98096530720339,67.328125,40.16059211687853,40.5107421875,,laptop_battery_total:BAT1,2,13,354,true
phase_modular_grab_bag_20260819_121005_001,modular,grab_bag,execution,phase,total_measured_processes,1787134214970820060,1787134256641187308,41670.367248,14.721147186573484,102.491103202847,267.22935425494353,270.71875,166.60522598870057,169.884765625,2317.013730887331,laptop_battery_total:BAT1,4,35,354,true
phase_modular_grab_bag_20260819_121005_001,modular,grab_bag,completion_propagation,phase,total_measured_processes,1787134256641187308,1787134256643275536,2.088228,,,,,,,,laptop_battery_total:BAT1,0,0,0,false
phase_modular_grab_bag_20260819_121005_001,modular,grab_bag,lifecycle_deactivation,phase,cognitive_module,1787134256643275536,1787134256876959010,233.683474,30.138469869265876,43.01075268817204,198.560546875,200.47265625,126.8583984375,126.8583984375,,laptop_battery_total:BAT1,2,21,2,true
phase_modular_grab_bag_20260819_121005_001,modular,grab_bag,lifecycle_deactivation,phase,hri_challenge_master,1787134256643275536,1787134256876959010,233.683474,4.301075268817205,8.60215053763441,67.359375,67.375,40.5107421875,40.5107421875,,laptop_battery_total:BAT1,2,13,2,true
phase_modular_grab_bag_20260819_121005_001,modular,grab_bag,lifecycle_deactivation,phase,total_measured_processes,1787134256643275536,1787134256876959010,233.683474,34.439545138083076,51.61290322580645,265.919921875,267.81640625,167.369140625,167.369140625,6.366457037853252,laptop_battery_total:BAT1,4,34,2,true
phase_modular_grab_bag_20260819_121005_001,modular,grab_bag,pre_execution,comparable,cognitive_module,1787134210398934061,1787134214970820060,4571.885999,25.952991755283858,143.6619718309859,124.39011101973684,182.44921875,67.54762027138158,109.388671875,,laptop_battery_total:BAT1,2,19,38,true
phase_modular_grab_bag_20260819_121005_001,modular,grab_bag,pre_execution,comparable,hri_challenge_master,1787134210398934061,1787134214970820060,4571.885999,8.160639679913652,36.92307692307693,63.19459292763158,66.5078125,35.8655427631579,39.6767578125,,laptop_battery_total:BAT1,2,13,38,true
phase_modular_grab_bag_20260819_121005_001,modular,grab_bag,pre_execution,comparable,total_measured_processes,1787134210398934061,1787134214970820060,4571.885999,34.113631435197505,177.46478873239434,187.5847039473684,248.95703125,103.41316303453948,149.0654296875,246.46470763556135,laptop_battery_total:BAT1,4,32,38,true
phase_modular_grab_bag_20260819_121005_001,modular,grab_bag,e2e_active,e2e,cognitive_module,1787134210398934061,1787134256876959010,46478.024949,14.17257737272016,143.6619718309859,192.92354060913706,203.8984375,120.76631156805203,129.7529296875,,laptop_battery_total:BAT1,2,22,394,true
phase_modular_grab_bag_20260819_121005_001,modular,grab_bag,e2e_active,e2e,hri_challenge_master,1787134210398934061,1787134256876959010,46478.024949,2.5190043248957923,36.92307692307693,66.61770304568527,67.375,39.748126189720814,40.5107421875,,laptop_battery_total:BAT1,2,13,394,true
phase_modular_grab_bag_20260819_121005_001,modular,grab_bag,e2e_active,e2e,total_measured_processes,1787134210398934061,1787134256876959010,46478.024949,16.69158169761597,177.46478873239434,259.5412436548223,270.71875,160.51443775777284,169.884765625,2583.0696521357677,laptop_battery_total:BAT1,4,35,394,true
phase_modular_grab_bag_20260819_121005_001,modular,grab_bag,e2e_capability,e2e,cognitive_module,1787134214970820060,1787134256643275536,41672.455476,12.817810334498363,95.65217391304347,200.24838894774012,203.8984375,126.44463387182203,129.7529296875,,laptop_battery_total:BAT1,2,22,354,true
phase_modular_grab_bag_20260819_121005_001,modular,grab_bag,e2e_capability,e2e,hri_challenge_master,1787134214970820060,1787134256643275536,41672.455476,1.9033368520751093,17.51824817518248,66.98096530720339,67.328125,40.16059211687853,40.5107421875,,laptop_battery_total:BAT1,2,13,354,true
phase_modular_grab_bag_20260819_121005_001,modular,grab_bag,e2e_capability,e2e,total_measured_processes,1787134214970820060,1787134256643275536,41672.455476,14.721147186573484,102.491103202847,267.22935425494353,270.71875,166.60522598870057,169.884765625,2317.013730887331,laptop_battery_total:BAT1,4,35,354,true
phase_modular_grab_bag_20260819_121005_001,modular,grab_bag,e2e_with_modular_idle,e2e,cognitive_module,1787134207379937275,1787134256876959010,49497.021735,13.764837639484691,143.6619718309859,184.5931640625,203.8984375,115.141552734375,129.7529296875,,laptop_battery_total:BAT1,2,22,420,true
phase_modular_grab_bag_20260819_121005_001,modular,grab_bag,e2e_with_modular_idle,e2e,hri_challenge_master,1787134207379937275,1787134256876959010,49497.021735,2.7285097463108943,36.92307692307693,66.08102678571429,67.375,39.18204520089286,40.5107421875,,laptop_battery_total:BAT1,2,13,420,true
phase_modular_grab_bag_20260819_121005_001,modular,grab_bag,e2e_with_modular_idle,e2e,total_measured_processes,1787134207379937275,1787134256876959010,49497.021735,16.49334738579559,177.46478873239434,250.6741908482143,270.71875,154.32359793526786,169.884765625,2752.657153506807,laptop_battery_total:BAT1,4,35,420,true
phase_bt_grab_bag_20260819_121059_007,bt,grab_bag,bt_setup_pre_execution,phase,bt_executor,1787134259495257890,1787134264084186247,4588.928357,31.155577545518202,141.17647058823528,172.13955078125,208.25390625,95.60166015625,125.44140625,,laptop_battery_total:BAT1,2,20,40,true
phase_bt_grab_bag_20260819_121059_007,bt,grab_bag,bt_setup_pre_execution,phase,total_measured_processes,1787134259495257890,1787134264084186247,4588.928357,31.155577545518202,141.17647058823528,172.13955078125,208.25390625,95.60166015625,125.44140625,254.12768963085546,laptop_battery_total:BAT1,2,20,40,true
phase_bt_grab_bag_20260819_121059_007,bt,grab_bag,execution,phase,bt_executor,1787134264084186247,1787134319436887178,55352.700931,9.725284539334629,97.41697416974169,223.5893730179704,229.4296875,150.69838464587738,152.8466796875,,laptop_battery_total:BAT1,2,21,473,true
phase_bt_grab_bag_20260819_121059_007,bt,grab_bag,execution,phase,total_measured_processes,1787134264084186247,1787134319436887178,55352.700931,9.725284539334629,97.41697416974169,223.5893730179704,229.4296875,150.69838464587738,152.8466796875,3074.7798952541198,laptop_battery_total:BAT1,2,21,473,true
phase_bt_grab_bag_20260819_121059_007,bt,grab_bag,completion_propagation,phase,total_measured_processes,1787134319436887178,1787134319437032230,0.145052,,,,,,,,laptop_battery_total:BAT1,0,0,0,false
phase_bt_grab_bag_20260819_121059_007,bt,grab_bag,post_completion,phase,total_measured_processes,1787134319437032230,1787134319437053961,0.021731,,,,,,,,laptop_battery_total:BAT1,0,0,0,false
phase_bt_grab_bag_20260819_121059_007,bt,grab_bag,pre_execution,comparable,bt_executor,1787134259495257890,1787134264084186247,4588.928357,31.155577545518202,141.17647058823528,172.13955078125,208.25390625,95.60166015625,125.44140625,,laptop_battery_total:BAT1,2,20,40,true
phase_bt_grab_bag_20260819_121059_007,bt,grab_bag,pre_execution,comparable,total_measured_processes,1787134259495257890,1787134264084186247,4588.928357,31.155577545518202,141.17647058823528,172.13955078125,208.25390625,95.60166015625,125.44140625,254.12768963085546,laptop_battery_total:BAT1,2,20,40,true
phase_bt_grab_bag_20260819_121059_007,bt,grab_bag,e2e_active,e2e,bt_executor,1787134259495257890,1787134319437053961,59941.796071,11.396262551512674,141.17647058823528,219.57769097222223,229.4296875,146.40234375,152.8466796875,,laptop_battery_total:BAT1,2,21,513,true
phase_bt_grab_bag_20260819_121059_007,bt,grab_bag,e2e_active,e2e,total_measured_processes,1787134259495257890,1787134319437053961,59941.796071,11.396262551512674,141.17647058823528,219.57769097222223,229.4296875,146.40234375,152.8466796875,3335.4848992726693,laptop_battery_total:BAT1,2,21,513,true
phase_bt_grab_bag_20260819_121059_007,bt,grab_bag,e2e_capability,e2e,bt_executor,1787134264084186247,1787134319437032230,55352.845983,9.725284539334629,97.41697416974169,223.5893730179704,229.4296875,150.69838464587738,152.8466796875,,laptop_battery_total:BAT1,2,21,473,true
phase_bt_grab_bag_20260819_121059_007,bt,grab_bag,e2e_capability,e2e,total_measured_processes,1787134264084186247,1787134319437032230,55352.845983,9.725284539334629,97.41697416974169,223.5893730179704,229.4296875,150.69838464587738,152.8466796875,3074.7798952541198,laptop_battery_total:BAT1,2,21,473,true
phase_bt_grab_bag_20260819_121200_000,bt,grab_bag,bt_setup_pre_execution,phase,bt_executor,1787134320677225884,1787134328134579454,7457.35357,18.937021973211905,107.46268656716418,183.03662109375,204.6171875,106.3592529296875,132.6572265625,,laptop_battery_total:BAT1,2,19,64,true
phase_bt_grab_bag_20260819_121200_000,bt,grab_bag,bt_setup_pre_execution,phase,total_measured_processes,1787134320677225884,1787134328134579454,7457.35357,18.937021973211905,107.46268656716418,183.03662109375,204.6171875,106.3592529296875,132.6572265625,407.0223767831121,laptop_battery_total:BAT1,2,19,64,true
phase_bt_grab_bag_20260819_121200_000,bt,grab_bag,execution,phase,bt_executor,1787134328134579454,1787134370483985715,42349.406261,11.875557168309733,88.88888888888889,224.9972344180441,229.37890625,152.24904226928373,156.796875,,laptop_battery_total:BAT1,2,21,363,true
phase_bt_grab_bag_20260819_121200_000,bt,grab_bag,execution,phase,total_measured_processes,1787134328134579454,1787134370483985715,42349.406261,11.875557168309733,88.88888888888889,224.9972344180441,229.37890625,152.24904226928373,156.796875,2354.84353661949,laptop_battery_total:BAT1,2,21,363,true
phase_bt_grab_bag_20260819_121200_000,bt,grab_bag,completion_propagation,phase,total_measured_processes,1787134370483985715,1787134370484136508,0.150793,,,,,,,,laptop_battery_total:BAT1,0,0,0,false
phase_bt_grab_bag_20260819_121200_000,bt,grab_bag,post_completion,phase,total_measured_processes,1787134370484136508,1787134370484155463,0.018955,,,,,,,,laptop_battery_total:BAT1,0,0,0,false
phase_bt_grab_bag_20260819_121200_000,bt,grab_bag,pre_execution,comparable,bt_executor,1787134320677225884,1787134328134579454,7457.35357,18.937021973211905,107.46268656716418,183.03662109375,204.6171875,106.3592529296875,132.6572265625,,laptop_battery_total:BAT1,2,19,64,true
phase_bt_grab_bag_20260819_121200_000,bt,grab_bag,pre_execution,comparable,total_measured_processes,1787134320677225884,1787134328134579454,7457.35357,18.937021973211905,107.46268656716418,183.03662109375,204.6171875,106.3592529296875,132.6572265625,407.0223767831121,laptop_battery_total:BAT1,2,19,64,true
phase_bt_grab_bag_20260819_121200_000,bt,grab_bag,e2e_active,e2e,bt_executor,1787134320677225884,1787134370484155463,49806.929579,12.93395001962998,107.46268656716418,218.70805584016392,229.37890625,145.37094737997657,156.796875,,laptop_battery_total:BAT1,2,21,427,true
phase_bt_grab_bag_20260819_121200_000,bt,grab_bag,e2e_active,e2e,total_measured_processes,1787134320677225884,1787134370484155463,49806.929579,12.93395001962998,107.46268656716418,218.70805584016392,229.37890625,145.37094737997657,156.796875,2768.6269341566876,laptop_battery_total:BAT1,2,21,427,true
phase_bt_grab_bag_20260819_121200_000,bt,grab_bag,e2e_capability,e2e,bt_executor,1787134328134579454,1787134370484136508,42349.557054,11.875557168309733,88.88888888888889,224.9972344180441,229.37890625,152.24904226928373,156.796875,,laptop_battery_total:BAT1,2,21,363,true
phase_bt_grab_bag_20260819_121200_000,bt,grab_bag,e2e_capability,e2e,total_measured_processes,1787134328134579454,1787134370484136508,42349.557054,11.875557168309733,88.88888888888889,224.9972344180441,229.37890625,152.24904226928373,156.796875,2354.84353661949,laptop_battery_total:BAT1,2,21,363,true
phase_bt_grab_bag_20260819_121251_009,bt,grab_bag,bt_setup_pre_execution,phase,bt_executor,1787134371528188058,1787134376090358114,4562.170056,29.24830908219825,117.89473684210527,174.65263671875,204.1640625,96.014990234375,125.826171875,,laptop_battery_total:BAT1,2,20,40,true
phase_bt_grab_bag_20260819_121251_009,bt,grab_bag,bt_setup_pre_execution,phase,total_measured_processes,1787134371528188058,1787134376090358114,4562.170056,29.24830908219825,117.89473684210527,174.65263671875,204.1640625,96.014990234375,125.826171875,251.1640824657661,laptop_battery_total:BAT1,2,20,40,true
phase_bt_grab_bag_20260819_121251_009,bt,grab_bag,execution,phase,bt_executor,1787134376090358114,1787134417895357335,41804.999221,11.133291934269568,80.0,225.79564202164804,228.44140625,153.1096232323673,156.0791015625,,laptop_battery_total:BAT1,2,21,358,true
phase_bt_grab_bag_20260819_121251_009,bt,grab_bag,execution,phase,total_measured_processes,1787134376090358114,1787134417895357335,41804.999221,11.133291934269568,80.0,225.79564202164804,228.44140625,153.1096232323673,156.0791015625,2315.645852959722,laptop_battery_total:BAT1,2,21,358,true
phase_bt_grab_bag_20260819_121251_009,bt,grab_bag,completion_propagation,phase,total_measured_processes,1787134417895357335,1787134417895516694,0.159359,,,,,,,,laptop_battery_total:BAT1,0,0,0,false
phase_bt_grab_bag_20260819_121251_009,bt,grab_bag,post_completion,phase,total_measured_processes,1787134417895516694,1787134417895537002,0.020308,,,,,,,,laptop_battery_total:BAT1,0,0,0,false
phase_bt_grab_bag_20260819_121251_009,bt,grab_bag,pre_execution,comparable,bt_executor,1787134371528188058,1787134376090358114,4562.170056,29.24830908219825,117.89473684210527,174.65263671875,204.1640625,96.014990234375,125.826171875,,laptop_battery_total:BAT1,2,20,40,true
phase_bt_grab_bag_20260819_121251_009,bt,grab_bag,pre_execution,comparable,total_measured_processes,1787134371528188058,1787134376090358114,4562.170056,29.24830908219825,117.89473684210527,174.65263671875,204.1640625,96.014990234375,125.826171875,251.1640824657661,laptop_battery_total:BAT1,2,20,40,true
phase_bt_grab_bag_20260819_121251_009,bt,grab_bag,e2e_active,e2e,bt_executor,1787134371528188058,1787134417895537002,46367.348944,12.953896672754865,117.89473684210527,220.65564148869348,228.44140625,147.37146916221732,156.0791015625,,laptop_battery_total:BAT1,2,21,398,true
phase_bt_grab_bag_20260819_121251_009,bt,grab_bag,e2e_active,e2e,total_measured_processes,1787134371528188058,1787134417895537002,46367.348944,12.953896672754865,117.89473684210527,220.65564148869348,228.44140625,147.37146916221732,156.0791015625,2573.453557278648,laptop_battery_total:BAT1,2,21,398,true
phase_bt_grab_bag_20260819_121251_009,bt,grab_bag,e2e_capability,e2e,bt_executor,1787134376090358114,1787134417895516694,41805.15858,11.133291934269568,80.0,225.79564202164804,228.44140625,153.1096232323673,156.0791015625,,laptop_battery_total:BAT1,2,21,358,true
phase_bt_grab_bag_20260819_121251_009,bt,grab_bag,e2e_capability,e2e,total_measured_processes,1787134376090358114,1787134417895516694,41805.15858,11.133291934269568,80.0,225.79564202164804,228.44140625,153.1096232323673,156.0791015625,2315.645852959722,laptop_battery_total:BAT1,2,21,358,true
phase_bt_grab_bag_20260819_121338_003,bt,grab_bag,bt_setup_pre_execution,phase,bt_executor,1787134418873166665,1787134424083917979,5210.751314,23.632233064112235,114.28571428571428,176.84418402777777,202.0234375,98.64375,125.4951171875,,laptop_battery_total:BAT1,2,19,45,true
phase_bt_grab_bag_20260819_121338_003,bt,grab_bag,bt_setup_pre_execution,phase,total_measured_processes,1787134418873166665,1787134424083917979,5210.751314,23.632233064112235,114.28571428571428,176.84418402777777,202.0234375,98.64375,125.4951171875,284.579476206869,laptop_battery_total:BAT1,2,19,45,true
phase_bt_grab_bag_20260819_121338_003,bt,grab_bag,execution,phase,bt_executor,1787134424083917979,1787134467900334376,43816.416397,15.506307452377472,98.50746268656717,222.8693808489305,232.7734375,150.35652886864975,154.791015625,,laptop_battery_total:BAT1,2,21,374,true
phase_bt_grab_bag_20260819_121338_003,bt,grab_bag,execution,phase,total_measured_processes,1787134424083917979,1787134467900334376,43816.416397,15.506307452377472,98.50746268656717,222.8693808489305,232.7734375,150.35652886864975,154.791015625,2433.2673120583786,laptop_battery_total:BAT1,2,21,374,true
phase_bt_grab_bag_20260819_121338_003,bt,grab_bag,completion_propagation,phase,total_measured_processes,1787134467900334376,1787134467900489577,0.155201,,,,,,,,laptop_battery_total:BAT1,0,0,0,false
phase_bt_grab_bag_20260819_121338_003,bt,grab_bag,post_completion,phase,total_measured_processes,1787134467900489577,1787134467900515797,0.02622,,,,,,,,laptop_battery_total:BAT1,0,0,0,false
phase_bt_grab_bag_20260819_121338_003,bt,grab_bag,pre_execution,comparable,bt_executor,1787134418873166665,1787134424083917979,5210.751314,23.632233064112235,114.28571428571428,176.84418402777777,202.0234375,98.64375,125.4951171875,,laptop_battery_total:BAT1,2,19,45,true
phase_bt_grab_bag_20260819_121338_003,bt,grab_bag,pre_execution,comparable,total_measured_processes,1787134418873166665,1787134424083917979,5210.751314,23.632233064112235,114.28571428571428,176.84418402777777,202.0234375,98.64375,125.4951171875,284.579476206869,laptop_battery_total:BAT1,2,19,45,true
phase_bt_grab_bag_20260819_121338_003,bt,grab_bag,e2e_active,e2e,bt_executor,1787134418873166665,1787134467900515797,49027.349132,16.379020226907468,114.28571428571428,217.92634061754177,232.7734375,144.80265046986872,154.791015625,,laptop_battery_total:BAT1,2,21,419,true
phase_bt_grab_bag_20260819_121338_003,bt,grab_bag,e2e_active,e2e,total_measured_processes,1787134418873166665,1787134467900515797,49027.349132,16.379020226907468,114.28571428571428,217.92634061754177,232.7734375,144.80265046986872,154.791015625,2724.443867209462,laptop_battery_total:BAT1,2,21,419,true
phase_bt_grab_bag_20260819_121338_003,bt,grab_bag,e2e_capability,e2e,bt_executor,1787134424083917979,1787134467900489577,43816.571598,15.506307452377472,98.50746268656717,222.8693808489305,232.7734375,150.35652886864975,154.791015625,,laptop_battery_total:BAT1,2,21,374,true
phase_bt_grab_bag_20260819_121338_003,bt,grab_bag,e2e_capability,e2e,total_measured_processes,1787134424083917979,1787134467900489577,43816.571598,15.506307452377472,98.50746268656717,222.8693808489305,232.7734375,150.35652886864975,154.791015625,2433.2673120583786,laptop_battery_total:BAT1,2,21,374,true
phase_bt_grab_bag_20260819_121428_001,bt,grab_bag,bt_setup_pre_execution,phase,bt_executor,1787134468969117576,1787134476325802459,7356.684883,18.927519035900595,121.73913043478262,203.29482886904762,264.734375,122.63727678571429,176.6025390625,,laptop_battery_total:BAT1,2,18,63,true
phase_bt_grab_bag_20260819_121428_001,bt,grab_bag,bt_setup_pre_execution,phase,total_measured_processes,1787134468969117576,1787134476325802459,7356.684883,18.927519035900595,121.73913043478262,203.29482886904762,264.734375,122.63727678571429,176.6025390625,398.7348243802335,laptop_battery_total:BAT1,2,18,63,true
phase_bt_grab_bag_20260819_121428_001,bt,grab_bag,execution,phase,bt_executor,1787134476325802459,1787134531307155408,54981.352949,9.203364033172342,85.71428571428571,226.73736019736842,270.703125,154.94607319078946,198.47265625,,laptop_battery_total:BAT1,2,21,475,true
phase_bt_grab_bag_20260819_121428_001,bt,grab_bag,execution,phase,total_measured_processes,1787134476325802459,1787134531307155408,54981.352949,9.203364033172342,85.71428571428571,226.73736019736842,270.703125,154.94607319078946,198.47265625,2600.629920679945,laptop_battery_total:BAT1,2,21,475,true
phase_bt_grab_bag_20260819_121428_001,bt,grab_bag,completion_propagation,phase,total_measured_processes,1787134531307155408,1787134531307298427,0.143019,,,,,,,,laptop_battery_total:BAT1,0,0,0,false
phase_bt_grab_bag_20260819_121428_001,bt,grab_bag,post_completion,phase,total_measured_processes,1787134531307298427,1787134531307324616,0.026189,,,,,,,,laptop_battery_total:BAT1,0,0,0,false
phase_bt_grab_bag_20260819_121428_001,bt,grab_bag,pre_execution,comparable,bt_executor,1787134468969117576,1787134476325802459,7356.684883,18.927519035900595,121.73913043478262,203.29482886904762,264.734375,122.63727678571429,176.6025390625,,laptop_battery_total:BAT1,2,18,63,true
phase_bt_grab_bag_20260819_121428_001,bt,grab_bag,pre_execution,comparable,total_measured_processes,1787134468969117576,1787134476325802459,7356.684883,18.927519035900595,121.73913043478262,203.29482886904762,264.734375,122.63727678571429,176.6025390625,398.7348243802335,laptop_battery_total:BAT1,2,18,63,true
phase_bt_grab_bag_20260819_121428_001,bt,grab_bag,e2e_active,e2e,bt_executor,1787134468969117576,1787134531307324616,62338.20704,10.342066198919332,121.73913043478262,223.9922310641264,270.703125,151.1627011210502,198.47265625,,laptop_battery_total:BAT1,2,21,538,true
phase_bt_grab_bag_20260819_121428_001,bt,grab_bag,e2e_active,e2e,total_measured_processes,1787134468969117576,1787134531307324616,62338.20704,10.342066198919332,121.73913043478262,223.9922310641264,270.703125,151.1627011210502,198.47265625,3005.620996501173,laptop_battery_total:BAT1,2,21,538,true
phase_bt_grab_bag_20260819_121428_001,bt,grab_bag,e2e_capability,e2e,bt_executor,1787134476325802459,1787134531307298427,54981.495968,9.203364033172342,85.71428571428571,226.73736019736842,270.703125,154.94607319078946,198.47265625,,laptop_battery_total:BAT1,2,21,475,true
phase_bt_grab_bag_20260819_121428_001,bt,grab_bag,e2e_capability,e2e,total_measured_processes,1787134476325802459,1787134531307298427,54981.495968,9.203364033172342,85.71428571428571,226.73736019736842,270.703125,154.94607319078946,198.47265625,2600.629920679945,laptop_battery_total:BAT1,2,21,475,true
phase_modular_grab_bag_20260819_121532_006,modular,grab_bag,modular_idle_footprint,phase,cognitive_module,1787134534508944864,1787134537525936389,3016.991525,7.838196307082837,18.113207547169814,58.27097800925926,60.74609375,30.083984375,31.767578125,,laptop_battery_total:BAT1,2,12,27,true
phase_modular_grab_bag_20260819_121532_006,modular,grab_bag,modular_idle_footprint,phase,hri_challenge_master,1787134534508944864,1787134537525936389,3016.991525,6.563039778408217,18.113207547169814,57.91941550925926,60.3828125,30.697916666666668,32.38671875,,laptop_battery_total:BAT1,2,12,27,true
phase_modular_grab_bag_20260819_121532_006,modular,grab_bag,modular_idle_footprint,phase,total_measured_processes,1787134534508944864,1787134537525936389,3016.991525,14.401236085491057,36.22641509433963,116.19039351851852,121.12890625,60.781901041666664,64.154296875,133.8342421727939,laptop_battery_total:BAT1,4,24,27,true
phase_modular_grab_bag_20260819_121532_006,modular,grab_bag,lifecycle_activation,phase,cognitive_module,1787134542533088741,1787134542864698151,331.60941,73.77450252011599,93.28621908127208,179.19661458333334,182.140625,103.0068359375,103.0068359375,,laptop_battery_total:BAT1,2,20,3,true
phase_modular_grab_bag_20260819_121532_006,modular,grab_bag,lifecycle_activation,phase,hri_challenge_master,1787134542533088741,1787134542864698151,331.60941,11.338355782302939,16.901408450704224,66.3046875,66.46484375,39.1728515625,39.1728515625,,laptop_battery_total:BAT1,2,13,3,true
phase_modular_grab_bag_20260819_121532_006,modular,grab_bag,lifecycle_activation,phase,total_measured_processes,1787134542533088741,1787134542864698151,331.60941,85.11285830241893,101.76678445229682,245.50130208333334,248.60546875,142.1796875,142.1796875,10.7566300269973,laptop_battery_total:BAT1,4,33,3,true
phase_modular_grab_bag_20260819_121532_006,modular,grab_bag,initialization,phase,total_measured_processes,1787134542864698151,1787134542866337647,1.639496,,,,,,,,laptop_battery_total:BAT1,0,0,0,false
phase_modular_grab_bag_20260819_121532_006,modular,grab_bag,execution,phase,cognitive_module,1787134542866337647,1787134586633112097,43766.77445,15.90540500303647,93.28621908127208,198.30067736037233,204.04296875,124.80449010970744,127.642578125,,laptop_battery_total:BAT1,2,22,376,true
phase_modular_grab_bag_20260819_121532_006,modular,grab_bag,execution,phase,hri_challenge_master,1787134542866337647,1787134586633112097,43766.77445,1.7855594178876368,17.712177121771216,66.88535779587765,67.25390625,40.206044298537236,40.5595703125,,laptop_battery_total:BAT1,2,13,376,true
phase_modular_grab_bag_20260819_121532_006,modular,grab_bag,execution,phase,total_measured_processes,1787134542866337647,1787134586633112097,43766.77445,17.690964420924114,97.77777777777777,265.18603515625,270.8515625,165.0105344082447,167.8154296875,1949.4710354610725,laptop_battery_total:BAT1,4,35,376,true
phase_modular_grab_bag_20260819_121532_006,modular,grab_bag,completion_propagation,phase,total_measured_processes,1787134586633112097,1787134586634802509,1.690412,,,,,,,,laptop_battery_total:BAT1,0,0,0,false
phase_modular_grab_bag_20260819_121532_006,modular,grab_bag,lifecycle_deactivation,phase,cognitive_module,1787134586634802509,1787134586858148280,223.345771,45.8021939600542,45.97701149425287,199.767578125,199.80078125,126.248046875,126.248046875,,laptop_battery_total:BAT1,2,18,2,true
phase_modular_grab_bag_20260819_121532_006,modular,grab_bag,lifecycle_deactivation,phase,hri_challenge_master,1787134586634802509,1787134586858148280,223.345771,9.125475285171103,18.250950570342205,67.296875,67.31640625,40.5595703125,40.5595703125,,laptop_battery_total:BAT1,2,13,2,true
phase_modular_grab_bag_20260819_121532_006,modular,grab_bag,lifecycle_deactivation,phase,total_measured_processes,1787134586634802509,1787134586858148280,223.345771,54.927669245225296,63.87832699619772,267.064453125,267.078125,166.8076171875,166.8076171875,4.808801326689718,laptop_battery_total:BAT1,4,31,2,true
phase_modular_grab_bag_20260819_121532_006,modular,grab_bag,pre_execution,comparable,cognitive_module,1787134537525936389,1787134542866337647,5340.401258,21.208252671933383,145.7142857142857,136.24921875,182.140625,74.635546875,103.0068359375,,laptop_battery_total:BAT1,2,20,45,true
phase_modular_grab_bag_20260819_121532_006,modular,grab_bag,pre_execution,comparable,hri_challenge_master,1787134537525936389,1787134542866337647,5340.401258,6.3088734142761975,26.765799256505574,63.83671875,66.46484375,36.82734375,39.1728515625,,laptop_battery_total:BAT1,2,13,45,true
phase_modular_grab_bag_20260819_121532_006,modular,grab_bag,pre_execution,comparable,total_measured_processes,1787134537525936389,1787134542866337647,5340.401258,27.517126086209576,162.85714285714283,200.0859375,248.60546875,111.462890625,142.1796875,233.11276296155847,laptop_battery_total:BAT1,4,33,45,true
phase_modular_grab_bag_20260819_121532_006,modular,grab_bag,e2e_active,e2e,cognitive_module,1787134537525936389,1787134586858148280,49332.211891,16.610893709926284,145.7142857142857,191.70639406028369,204.04296875,119.47419381648936,127.642578125,,laptop_battery_total:BAT1,2,22,423,true
phase_modular_grab_bag_20260819_121532_006,modular,grab_bag,e2e_active,e2e,hri_challenge_master,1787134537525936389,1787134586858148280,49332.211891,2.301467128459864,26.765799256505574,66.56298020094563,67.31640625,39.84827958776596,40.5595703125,,laptop_battery_total:BAT1,2,13,423,true
phase_modular_grab_bag_20260819_121532_006,modular,grab_bag,e2e_active,e2e,total_measured_processes,1787134537525936389,1787134586858148280,49332.211891,18.912360838386146,162.85714285714283,258.2693742612293,270.8515625,159.3224734042553,167.8154296875,2197.4760454177813,laptop_battery_total:BAT1,4,35,423,true
phase_modular_grab_bag_20260819_121532_006,modular,grab_bag,e2e_capability,e2e,cognitive_module,1787134542866337647,1787134586634802509,43768.464862,15.90540500303647,93.28621908127208,198.30067736037233,204.04296875,124.80449010970744,127.642578125,,laptop_battery_total:BAT1,2,22,376,true
phase_modular_grab_bag_20260819_121532_006,modular,grab_bag,e2e_capability,e2e,hri_challenge_master,1787134542866337647,1787134586634802509,43768.464862,1.7855594178876368,17.712177121771216,66.88535779587765,67.25390625,40.206044298537236,40.5595703125,,laptop_battery_total:BAT1,2,13,376,true
phase_modular_grab_bag_20260819_121532_006,modular,grab_bag,e2e_capability,e2e,total_measured_processes,1787134542866337647,1787134586634802509,43768.464862,17.690964420924114,97.77777777777777,265.18603515625,270.8515625,165.0105344082447,167.8154296875,1949.4710354610725,laptop_battery_total:BAT1,4,35,376,true
phase_modular_grab_bag_20260819_121532_006,modular,grab_bag,e2e_with_modular_idle,e2e,cognitive_module,1787134534508944864,1787134586858148280,52349.203416,16.084531865755675,145.7142857142857,183.70026909722222,204.04296875,114.11078125,127.642578125,,laptop_battery_total:BAT1,2,22,450,true
phase_modular_grab_bag_20260819_121532_006,modular,grab_bag,e2e_with_modular_idle,e2e,hri_challenge_master,1787134534508944864,1787134586858148280,52349.203416,2.5571614874567654,26.765799256505574,66.04436631944445,67.31640625,39.2992578125,40.5595703125,,laptop_battery_total:BAT1,2,13,450,true
phase_modular_grab_bag_20260819_121532_006,modular,grab_bag,e2e_with_modular_idle,e2e,total_measured_processes,1787134534508944864,1787134586858148280,52349.203416,18.641693353212435,162.85714285714283,249.74463541666665,270.8515625,153.4100390625,167.8154296875,2336.403205056573,laptop_battery_total:BAT1,4,35,450,true
phase_modular_grab_bag_20260819_121629_003,modular,grab_bag,modular_idle_footprint,phase,cognitive_module,1787134591811928757,1787134594834942522,3023.013765,7.627182357968546,17.58241758241758,58.49053485576923,60.2890625,30.218224158653847,31.6826171875,,laptop_battery_total:BAT1,2,12,26,true
phase_modular_grab_bag_20260819_121629_003,modular,grab_bag,modular_idle_footprint,phase,hri_challenge_master,1787134591811928757,1787134594834942522,3023.013765,5.978042869063917,17.712177121771216,58.02373798076923,59.78515625,30.62244591346154,32.1328125,,laptop_battery_total:BAT1,2,12,26,true
phase_modular_grab_bag_20260819_121629_003,modular,grab_bag,modular_idle_footprint,phase,total_measured_processes,1787134591811928757,1787134594834942522,3023.013765,13.605225227032465,26.568265682656822,116.51427283653847,120.07421875,60.84067007211539,63.8154296875,130.33374730499781,laptop_battery_total:BAT1,4,24,26,true
phase_modular_grab_bag_20260819_121629_003,modular,grab_bag,lifecycle_activation,phase,cognitive_module,1787134599092250020,1787134599383192111,290.942091,85.07063197026022,98.14126394052045,180.529296875,182.25390625,106.1982421875,109.3486328125,,laptop_battery_total:BAT1,2,20,2,true
phase_modular_grab_bag_20260819_121629_003,modular,grab_bag,lifecycle_activation,phase,hri_challenge_master,1787134599092250020,1787134599383192111,290.942091,12.921933085501859,17.843866171003718,66.578125,66.671875,39.40576171875,39.71484375,,laptop_battery_total:BAT1,2,13,2,true
phase_modular_grab_bag_20260819_121629_003,modular,grab_bag,lifecycle_activation,phase,total_measured_processes,1787134599092250020,1787134599383192111,290.942091,97.99256505576209,115.98513011152417,247.107421875,248.92578125,145.60400390625,149.0634765625,5.666431961246417,laptop_battery_total:BAT1,4,33,2,true
phase_modular_grab_bag_20260819_121629_003,modular,grab_bag,initialization,phase,total_measured_processes,1787134599383192111,1787134599385298483,2.106372,,,,,,,,laptop_battery_total:BAT1,0,0,0,false
phase_modular_grab_bag_20260819_121629_003,modular,grab_bag,execution,phase,cognitive_module,1787134599385298483,1787134649074054158,49688.755675,22.64285440162406,95.30685920577618,197.8176246279762,202.734375,124.36259300595238,126.3798828125,,laptop_battery_total:BAT1,2,22,420,true
phase_modular_grab_bag_20260819_121629_003,modular,grab_bag,execution,phase,hri_challenge_master,1787134599385298483,1787134649074054158,49688.755675,1.8755561770251532,17.77777777777778,67.14574032738095,67.5625,40.197191220238096,40.603515625,,laptop_battery_total:BAT1,2,13,420,true
phase_modular_grab_bag_20260819_121629_003,modular,grab_bag,execution,phase,total_measured_processes,1787134599385298483,1787134649074054158,49688.755675,24.518410578649192,96.0,264.9633649553571,269.859375,164.5597842261905,166.5849609375,2530.303195513421,laptop_battery_total:BAT1,4,35,420,true
phase_modular_grab_bag_20260819_121629_003,modular,grab_bag,completion_propagation,phase,total_measured_processes,1787134649074054158,1787134649076232495,2.178337,,,,,,,,laptop_battery_total:BAT1,0,0,0,false
phase_modular_grab_bag_20260819_121629_003,modular,grab_bag,lifecycle_deactivation,phase,cognitive_module,1787134649076232495,1787134649323988172,247.755677,31.78400546821599,54.54545454545454,199.0546875,199.10546875,125.533203125,125.533203125,,laptop_battery_total:BAT1,2,21,2,true
phase_modular_grab_bag_20260819_121629_003,modular,grab_bag,lifecycle_deactivation,phase,hri_challenge_master,1787134649076232495,1787134649323988172,247.755677,9.056732740943268,9.090909090909092,67.59375,67.609375,40.603515625,40.603515625,,laptop_battery_total:BAT1,2,13,2,true
phase_modular_grab_bag_20260819_121629_003,modular,grab_bag,lifecycle_deactivation,phase,total_measured_processes,1787134649076232495,1787134649323988172,247.755677,40.840738209159255,63.63636363636363,266.6484375,266.71484375,166.13671875,166.13671875,6.074430229768041,laptop_battery_total:BAT1,4,34,2,true
phase_modular_grab_bag_20260819_121629_003,modular,grab_bag,pre_execution,comparable,cognitive_module,1787134594834942522,1787134599385298483,4550.355961,22.613378790488103,126.3157894736842,126.38846628289474,182.25390625,67.59025493421052,109.3486328125,,laptop_battery_total:BAT1,2,20,38,true
phase_modular_grab_bag_20260819_121629_003,modular,grab_bag,pre_execution,comparable,hri_challenge_master,1787134594834942522,1787134599385298483,4550.355961,8.213112802780563,26.47058823529412,63.34323601973684,66.671875,35.811189350328945,39.71484375,,laptop_battery_total:BAT1,2,13,38,true
phase_modular_grab_bag_20260819_121629_003,modular,grab_bag,pre_execution,comparable,total_measured_processes,1787134594834942522,1787134599385298483,4550.355961,30.826491593268663,134.73684210526315,189.7317023026316,248.92578125,103.40144428453948,149.0634765625,197.8478995369078,laptop_battery_total:BAT1,4,33,38,true
phase_modular_grab_bag_20260819_121629_003,modular,grab_bag,e2e_active,e2e,cognitive_module,1787134594834942522,1787134649323988172,54489.04565,22.680163594906702,126.3157894736842,191.9223335597826,202.734375,119.67779381793478,126.3798828125,,laptop_battery_total:BAT1,2,22,460,true
phase_modular_grab_bag_20260819_121629_003,modular,grab_bag,e2e_active,e2e,hri_challenge_master,1787134594834942522,1787134649323988172,54489.04565,2.430315970300245,26.47058823529412,66.83356827445652,67.609375,39.8366359544837,40.603515625,,laptop_battery_total:BAT1,2,13,460,true
phase_modular_grab_bag_20260819_121629_003,modular,grab_bag,e2e_active,e2e,total_measured_processes,1787134594834942522,1787134649323988172,54489.04565,25.110479565206916,134.73684210526315,258.7559018342391,269.859375,159.51442977241848,166.5849609375,2745.7710633296374,laptop_battery_total:BAT1,4,35,460,true
phase_modular_grab_bag_20260819_121629_003,modular,grab_bag,e2e_capability,e2e,cognitive_module,1787134599385298483,1787134649076232495,49690.934012,22.64285440162406,95.30685920577618,197.8176246279762,202.734375,124.36259300595238,126.3798828125,,laptop_battery_total:BAT1,2,22,420,true
phase_modular_grab_bag_20260819_121629_003,modular,grab_bag,e2e_capability,e2e,hri_challenge_master,1787134599385298483,1787134649076232495,49690.934012,1.8755561770251532,17.77777777777778,67.14574032738095,67.5625,40.197191220238096,40.603515625,,laptop_battery_total:BAT1,2,13,420,true
phase_modular_grab_bag_20260819_121629_003,modular,grab_bag,e2e_capability,e2e,total_measured_processes,1787134599385298483,1787134649076232495,49690.934012,24.518410578649192,96.0,264.9633649553571,269.859375,164.5597842261905,166.5849609375,2530.303195513421,laptop_battery_total:BAT1,4,35,420,true
phase_modular_grab_bag_20260819_121629_003,modular,grab_bag,e2e_with_modular_idle,e2e,cognitive_module,1787134591811928757,1787134649323988172,57512.059415,21.87486007194293,126.3157894736842,184.78400688014403,202.734375,114.89189091435185,126.3798828125,,laptop_battery_total:BAT1,2,22,486,true
phase_modular_grab_bag_20260819_121629_003,modular,grab_bag,e2e_with_modular_idle,e2e,hri_challenge_master,1787134591811928757,1787134649323988172,57512.059415,2.620112059534514,26.47058823529412,66.36226048096708,67.609375,39.34369574652778,40.603515625,,laptop_battery_total:BAT1,2,13,486,true
phase_modular_grab_bag_20260819_121629_003,modular,grab_bag,e2e_with_modular_idle,e2e,total_measured_processes,1787134591811928757,1787134649323988172,57512.059415,24.49497213147741,134.73684210526315,251.14626736111111,269.859375,154.23558666087962,166.5849609375,2881.1683518735153,laptop_battery_total:BAT1,4,35,486,true
phase_modular_grab_bag_20260819_121732_005,modular,grab_bag,modular_idle_footprint,phase,cognitive_module,1787134654579933473,1787134657597967571,3018.034098,7.976015107232856,18.181818181818183,59.98753004807692,62.625,31.483323317307693,34.025390625,,laptop_battery_total:BAT1,2,12,26,true
phase_modular_grab_bag_20260819_121732_005,modular,grab_bag,modular_idle_footprint,phase,hri_challenge_master,1787134654579933473,1787134657597967571,3018.034098,6.943493153599647,18.181818181818183,58.57346754807692,60.96875,30.981370192307693,33.20703125,,laptop_battery_total:BAT1,2,12,26,true
phase_modular_grab_bag_20260819_121732_005,modular,grab_bag,modular_idle_footprint,phase,total_measured_processes,1787134654579933473,1787134657597967571,3018.034098,14.919508260832504,36.36363636363637,118.56099759615384,123.59375,62.46469350961539,67.232421875,163.1752253853192,laptop_battery_total:BAT1,4,24,26,true
phase_modular_grab_bag_20260819_121732_005,modular,grab_bag,lifecycle_activation,phase,cognitive_module,1787134662650011692,1787134662966660716,316.649024,69.26924595307685,94.96402877697841,179.34895833333334,182.44140625,103.1494140625,103.1494140625,,laptop_battery_total:BAT1,2,20,3,true
phase_modular_grab_bag_20260819_121732_005,modular,grab_bag,lifecycle_activation,phase,hri_challenge_master,1787134662650011692,1787134662966660716,316.649024,8.62277919599804,17.26618705035971,66.73307291666667,66.921875,39.2333984375,39.2333984375,,laptop_battery_total:BAT1,2,13,3,true
phase_modular_grab_bag_20260819_121732_005,modular,grab_bag,lifecycle_activation,phase,total_measured_processes,1787134662650011692,1787134662966660716,316.649024,77.89202514907488,112.23021582733813,246.08203125,249.36328125,142.3828125,142.3828125,13.186627391420188,laptop_battery_total:BAT1,4,33,3,true
phase_modular_grab_bag_20260819_121732_005,modular,grab_bag,initialization,phase,total_measured_processes,1787134662966660716,1787134662967839428,1.178712,,,,,,,,laptop_battery_total:BAT1,0,0,0,false
phase_modular_grab_bag_20260819_121732_005,modular,grab_bag,execution,phase,cognitive_module,1787134662967839428,1787134703429408782,40461.569354,10.719365755637476,58.333333333333336,199.7192269258721,202.34765625,126.02491653797239,128.2529296875,,laptop_battery_total:BAT1,2,22,344,true
phase_modular_grab_bag_20260819_121732_005,modular,grab_bag,execution,phase,hri_challenge_master,1787134662967839428,1787134703429408782,40461.569354,1.961860650967875,17.26618705035971,67.31345385174419,67.65625,40.23607262899709,40.5888671875,,laptop_battery_total:BAT1,2,13,344,true
phase_modular_grab_bag_20260819_121732_005,modular,grab_bag,execution,phase,total_measured_processes,1787134662967839428,1787134703429408782,40461.569354,12.681226406605346,62.45353159851301,267.0326807776163,269.484375,166.26098916696947,168.662109375,2254.9102579004684,laptop_battery_total:BAT1,4,35,344,true
phase_modular_grab_bag_20260819_121732_005,modular,grab_bag,completion_propagation,phase,total_measured_processes,1787134703429408782,1787134703431092020,1.683238,,,,,,,,laptop_battery_total:BAT1,0,0,0,false
phase_modular_grab_bag_20260819_121732_005,modular,grab_bag,lifecycle_deactivation,phase,cognitive_module,1787134703431092020,1787134703669568856,238.476836,56.99300699300699,63.63636363636363,195.494140625,195.515625,127.0029296875,127.0029296875,,laptop_battery_total:BAT1,2,18,2,true
phase_modular_grab_bag_20260819_121732_005,modular,grab_bag,lifecycle_deactivation,phase,hri_challenge_master,1787134703431092020,1787134703669568856,238.476836,8.391608391608392,16.783216783216783,67.7109375,67.73046875,40.5888671875,40.5888671875,,laptop_battery_total:BAT1,2,13,2,true
phase_modular_grab_bag_20260819_121732_005,modular,grab_bag,lifecycle_deactivation,phase,total_measured_processes,1787134703431092020,1787134703669568856,238.476836,65.38461538461539,67.13286713286713,263.205078125,263.20703125,167.591796875,167.591796875,6.177647575168521,laptop_battery_total:BAT1,4,31,2,true
phase_modular_grab_bag_20260819_121732_005,modular,grab_bag,pre_execution,comparable,cognitive_module,1787134657597967571,1787134662967839428,5369.871857,21.44253400620531,150.0,136.51762152777778,182.44140625,73.94926215277778,103.8212890625,,laptop_battery_total:BAT1,2,20,45,true
phase_modular_grab_bag_20260819_121732_005,modular,grab_bag,pre_execution,comparable,hri_challenge_master,1787134657597967571,1787134662967839428,5369.871857,7.339383610598621,35.42435424354243,64.26961805555555,66.921875,36.789127604166666,39.2333984375,,laptop_battery_total:BAT1,2,13,45,true
phase_modular_grab_bag_20260819_121732_005,modular,grab_bag,pre_execution,comparable,total_measured_processes,1787134657597967571,1787134662967839428,5369.871857,28.781917616803927,176.47058823529412,200.78723958333333,249.36328125,110.73838975694444,142.95703125,291.7696657116903,laptop_battery_total:BAT1,4,33,45,true
phase_modular_grab_bag_20260819_121732_005,modular,grab_bag,e2e_active,e2e,cognitive_module,1787134657597967571,1787134703669568856,46071.601285,12.190183795919552,150.0,192.42377317774935,202.34765625,120.0365574048913,128.2529296875,,laptop_battery_total:BAT1,2,22,391,true
phase_modular_grab_bag_20260819_121732_005,modular,grab_bag,e2e_active,e2e,hri_challenge_master,1787134657597967571,1787134703669568856,46071.601285,2.613645890519448,35.42435424354243,66.96517343350384,67.73046875,39.84116997682225,40.5888671875,,laptop_battery_total:BAT1,2,13,391,true
phase_modular_grab_bag_20260819_121732_005,modular,grab_bag,e2e_active,e2e,total_measured_processes,1787134657597967571,1787134703669568856,46071.601285,14.803829686438991,176.47058823529412,259.3889466112532,269.484375,159.87772738171356,168.662109375,2566.089189694263,laptop_battery_total:BAT1,4,35,391,true
phase_modular_grab_bag_20260819_121732_005,modular,grab_bag,e2e_capability,e2e,cognitive_module,1787134662967839428,1787134703431092020,40463.252592,10.719365755637476,58.333333333333336,199.7192269258721,202.34765625,126.02491653797239,128.2529296875,,laptop_battery_total:BAT1,2,22,344,true
phase_modular_grab_bag_20260819_121732_005,modular,grab_bag,e2e_capability,e2e,hri_challenge_master,1787134662967839428,1787134703431092020,40463.252592,1.961860650967875,17.26618705035971,67.31345385174419,67.65625,40.23607262899709,40.5888671875,,laptop_battery_total:BAT1,2,13,344,true
phase_modular_grab_bag_20260819_121732_005,modular,grab_bag,e2e_capability,e2e,total_measured_processes,1787134662967839428,1787134703431092020,40463.252592,12.681226406605346,62.45353159851301,267.0326807776163,269.484375,166.26098916696947,168.662109375,2254.9102579004684,laptop_battery_total:BAT1,4,35,344,true
phase_modular_grab_bag_20260819_121732_005,modular,grab_bag,e2e_with_modular_idle,e2e,cognitive_module,1787134654579933473,1787134703669568856,49089.635383,11.927429872883923,150.0,184.16635753896884,202.34765625,114.51525264163669,128.2529296875,,laptop_battery_total:BAT1,2,22,417,true
phase_modular_grab_bag_20260819_121732_005,modular,grab_bag,e2e_with_modular_idle,e2e,hri_challenge_master,1787134654579933473,1787134703669568856,49089.635383,2.8836123865388386,35.42435424354243,66.44194956534773,67.73046875,39.288760397931654,40.5888671875,,laptop_battery_total:BAT1,2,13,417,true
phase_modular_grab_bag_20260819_121732_005,modular,grab_bag,e2e_with_modular_idle,e2e,total_measured_processes,1787134654579933473,1787134703669568856,49089.635383,14.811042259422761,176.47058823529412,250.60830710431654,269.484375,153.80401303956833,168.662109375,2735.706317076925,laptop_battery_total:BAT1,4,35,417,true
phase_modular_greeting_20260819_122421_009,modular,greeting,modular_idle_footprint,phase,cognitive_module,1787135063435011905,1787135066465017928,3030.006023,5.6112773509344205,18.39080459770115,58.503182870370374,60.33203125,29.5185546875,31.0146484375,,laptop_battery_total:BAT1,2,12,27,true
phase_modular_greeting_20260819_122421_009,modular,greeting,modular_idle_footprint,phase,hri_challenge_master,1787135063435011905,1787135066465017928,3030.006023,5.967573097965281,27.692307692307693,58.324363425925924,60.14453125,30.430989583333332,31.93359375,,laptop_battery_total:BAT1,2,12,27,true
phase_modular_greeting_20260819_122421_009,modular,greeting,modular_idle_footprint,phase,total_measured_processes,1787135063435011905,1787135066465017928,3030.006023,11.5788504488997,36.92307692307693,116.82754629629629,120.4765625,59.949544270833336,62.9482421875,109.77023551817823,laptop_battery_total:BAT1,4,24,27,true
phase_modular_greeting_20260819_122421_009,modular,greeting,lifecycle_activation,phase,cognitive_module,1787135070118709184,1787135070756553690,637.844506,50.24946111215409,72.18045112781954,190.513671875,192.3515625,114.5029296875,118.0322265625,,laptop_battery_total:BAT1,2,25,6,true
phase_modular_greeting_20260819_122421_009,modular,greeting,lifecycle_activation,phase,hri_challenge_master,1787135070118709184,1787135070756553690,637.844506,7.3665507543924305,17.64705882352941,66.88802083333333,67.26171875,38.765625,39.85546875,,laptop_battery_total:BAT1,2,13,6,true
phase_modular_greeting_20260819_122421_009,modular,greeting,lifecycle_activation,phase,total_measured_processes,1787135070118709184,1787135070756553690,637.844506,57.61601186654652,81.20300751879698,257.4016927083333,259.61328125,153.2685546875,157.8876953125,21.279643440136937,laptop_battery_total:BAT1,4,38,6,true
phase_modular_greeting_20260819_122421_009,modular,greeting,initialization,phase,total_measured_processes,1787135070756553690,1787135070759082710,2.52902,,,,,,,,laptop_battery_total:BAT1,0,0,0,false
phase_modular_greeting_20260819_122421_009,modular,greeting,execution,phase,cognitive_module,1787135070759082710,1787135132985175290,62226.09258,7.747253762154113,44.60966542750929,211.64036125684308,218.53515625,137.76667640853103,144.708984375,,laptop_battery_total:BAT1,2,27,548,true
phase_modular_greeting_20260819_122421_009,modular,greeting,execution,phase,hri_challenge_master,1787135070759082710,1787135132985175290,62226.09258,0.9797904852109239,18.532818532818535,67.84315123175182,68.15234375,40.55666735572537,40.8740234375,,laptop_battery_total:BAT1,2,13,548,true
phase_modular_greeting_20260819_122421_009,modular,greeting,execution,phase,total_measured_processes,1787135070759082710,1787135132985175290,62226.09258,8.727044247365036,53.53159851301115,279.4835124885949,286.05859375,178.32334376425638,184.9541015625,2965.170809749879,laptop_battery_total:BAT1,4,40,548,true
phase_modular_greeting_20260819_122421_009,modular,greeting,completion_propagation,phase,total_measured_processes,1787135132985175290,1787135132987919964,2.744674,,,,,,,,laptop_battery_total:BAT1,0,0,0,false
phase_modular_greeting_20260819_122421_009,modular,greeting,lifecycle_deactivation,phase,cognitive_module,1787135132987919964,1787135133615951071,628.031107,36.18690721957679,55.172413793103445,211.34765625,211.4140625,140.81640625,140.81640625,,laptop_battery_total:BAT1,2,26,6,true
phase_modular_greeting_20260819_122421_009,modular,greeting,lifecycle_deactivation,phase,hri_challenge_master,1787135132987919964,1787135133615951071,628.031107,7.5462943866981975,18.39080459770115,68.15625,68.15625,40.8740234375,40.8740234375,,laptop_battery_total:BAT1,2,13,6,true
phase_modular_greeting_20260819_122421_009,modular,greeting,lifecycle_deactivation,phase,total_measured_processes,1787135132987919964,1787135133615951071,628.031107,43.73320160627498,73.5632183908046,279.50390625,279.5703125,181.6904296875,181.6904296875,29.387181393551145,laptop_battery_total:BAT1,4,39,6,true
phase_modular_greeting_20260819_122421_009,modular,greeting,pre_execution,comparable,cognitive_module,1787135066465017928,1787135070759082710,4294.064782,22.267592756392784,114.70588235294117,139.98910361842104,192.3515625,74.65727796052632,118.0322265625,,laptop_battery_total:BAT1,2,25,38,true
phase_modular_greeting_20260819_122421_009,modular,greeting,pre_execution,comparable,hri_challenge_master,1787135066465017928,1787135070759082710,4294.064782,6.284564158633478,26.47058823529412,63.59498355263158,67.26171875,35.809030633223685,39.85546875,,laptop_battery_total:BAT1,2,13,38,true
phase_modular_greeting_20260819_122421_009,modular,greeting,pre_execution,comparable,total_measured_processes,1787135066465017928,1787135070759082710,4294.064782,28.552156915026277,141.1764705882353,203.58408717105263,259.61328125,110.46630859375,157.8876953125,157.05015119365794,laptop_battery_total:BAT1,4,38,38,true
phase_modular_greeting_20260819_122421_009,modular,greeting,e2e_active,e2e,cognitive_module,1787135066465017928,1787135133615951071,67150.933143,8.967542279933848,114.70588235294117,207.03815851984797,218.53515625,133.74664471600508,144.708984375,,laptop_battery_total:BAT1,2,27,592,true
phase_modular_greeting_20260819_122421_009,modular,greeting,e2e_active,e2e,hri_challenge_master,1787135066465017928,1787135133615951071,67150.933143,1.38685201054704,26.47058823529412,67.57363809121621,68.15625,40.2551368507179,40.8740234375,,laptop_battery_total:BAT1,2,13,592,true
phase_modular_greeting_20260819_122421_009,modular,greeting,e2e_active,e2e,total_measured_processes,1787135066465017928,1787135133615951071,67150.933143,10.354394290480883,141.1764705882353,274.61179661106416,286.05859375,174.00178156672297,184.9541015625,3162.065252155986,laptop_battery_total:BAT1,4,40,592,true
phase_modular_greeting_20260819_122421_009,modular,greeting,e2e_capability,e2e,cognitive_module,1787135070759082710,1787135132987919964,62228.837254,7.747253762154113,44.60966542750929,211.64036125684308,218.53515625,137.76667640853103,144.708984375,,laptop_battery_total:BAT1,2,27,548,true
phase_modular_greeting_20260819_122421_009,modular,greeting,e2e_capability,e2e,hri_challenge_master,1787135070759082710,1787135132987919964,62228.837254,0.9797904852109239,18.532818532818535,67.84315123175182,68.15234375,40.55666735572537,40.8740234375,,laptop_battery_total:BAT1,2,13,548,true
phase_modular_greeting_20260819_122421_009,modular,greeting,e2e_capability,e2e,total_measured_processes,1787135070759082710,1787135132987919964,62228.837254,8.727044247365036,53.53159851301115,279.4835124885949,286.05859375,178.32334376425638,184.9541015625,2965.170809749879,laptop_battery_total:BAT1,4,40,548,true
phase_modular_greeting_20260819_122421_009,modular,greeting,e2e_with_modular_idle,e2e,cognitive_module,1787135063435011905,1787135133615951071,70180.939166,8.821146232950026,114.70588235294117,200.55925005048465,218.53515625,129.20034676645798,144.708984375,,laptop_battery_total:BAT1,2,27,619,true
phase_modular_greeting_20260819_122421_009,modular,greeting,e2e_with_modular_idle,e2e,hri_challenge_master,1787135063435011905,1787135133615951071,70180.939166,1.5866572922276423,27.692307692307693,67.17019638529887,68.15625,39.82661992629241,40.8740234375,,laptop_battery_total:BAT1,2,13,619,true
phase_modular_greeting_20260819_122421_009,modular,greeting,e2e_with_modular_idle,e2e,total_measured_processes,1787135063435011905,1787135133615951071,70180.939166,10.407803525177666,141.1764705882353,267.72944643578353,286.05859375,169.0269666927504,184.9541015625,3275.9878866929685,laptop_battery_total:BAT1,4,40,619,true
phase_bt_greeting_20260819_122537_002,bt,greeting,bt_setup_pre_execution,phase,bt_executor,1787135137049248195,1787135140310360639,3261.112444,24.51052713356918,115.55555555555554,171.03758081896552,197.75390625,82.88247575431035,120.2490234375,,laptop_battery_total:BAT1,2,25,29,true
phase_bt_greeting_20260819_122537_002,bt,greeting,bt_setup_pre_execution,phase,total_measured_processes,1787135137049248195,1787135140310360639,3261.112444,24.51052713356918,115.55555555555554,171.03758081896552,197.75390625,82.88247575431035,120.2490234375,168.53107424191785,laptop_battery_total:BAT1,2,25,29,true
phase_bt_greeting_20260819_122537_002,bt,greeting,execution,phase,bt_executor,1787135140310360639,1787135171433706964,31123.346325,8.776287454079235,73.84615384615385,221.09948863636365,226.37109375,147.6679012784091,151.7060546875,,laptop_battery_total:BAT1,2,26,275,true
phase_bt_greeting_20260819_122537_002,bt,greeting,execution,phase,total_measured_processes,1787135140310360639,1787135171433706964,31123.346325,8.776287454079235,73.84615384615385,221.09948863636365,226.37109375,147.6679012784091,151.7060546875,1679.059070602193,laptop_battery_total:BAT1,2,26,275,true
phase_bt_greeting_20260819_122537_002,bt,greeting,completion_propagation,phase,total_measured_processes,1787135171433706964,1787135171433850654,0.14369,,,,,,,,laptop_battery_total:BAT1,0,0,0,false
phase_bt_greeting_20260819_122537_002,bt,greeting,post_completion,phase,total_measured_processes,1787135171433850654,1787135171433864059,0.013405,,,,,,,,laptop_battery_total:BAT1,0,0,0,false
phase_bt_greeting_20260819_122537_002,bt,greeting,pre_execution,comparable,bt_executor,1787135137049248195,1787135140310360639,3261.112444,24.51052713356918,115.55555555555554,171.03758081896552,197.75390625,82.88247575431035,120.2490234375,,laptop_battery_total:BAT1,2,25,29,true
phase_bt_greeting_20260819_122537_002,bt,greeting,pre_execution,comparable,total_measured_processes,1787135137049248195,1787135140310360639,3261.112444,24.51052713356918,115.55555555555554,171.03758081896552,197.75390625,82.88247575431035,120.2490234375,168.53107424191785,laptop_battery_total:BAT1,2,25,29,true
phase_bt_greeting_20260819_122537_002,bt,greeting,e2e_active,e2e,bt_executor,1787135137049248195,1787135171433864059,34384.615864,10.277251107714775,115.55555555555554,216.32384611430922,226.37109375,141.48771265933388,151.7060546875,,laptop_battery_total:BAT1,2,26,304,true
phase_bt_greeting_20260819_122537_002,bt,greeting,e2e_active,e2e,total_measured_processes,1787135137049248195,1787135171433864059,34384.615864,10.277251107714775,115.55555555555554,216.32384611430922,226.37109375,141.48771265933388,151.7060546875,1853.8357413765975,laptop_battery_total:BAT1,2,26,304,true
phase_bt_greeting_20260819_122537_002,bt,greeting,e2e_capability,e2e,bt_executor,1787135140310360639,1787135171433850654,31123.490015,8.776287454079235,73.84615384615385,221.09948863636365,226.37109375,147.6679012784091,151.7060546875,,laptop_battery_total:BAT1,2,26,275,true
phase_bt_greeting_20260819_122537_002,bt,greeting,e2e_capability,e2e,total_measured_processes,1787135140310360639,1787135171433850654,31123.490015,8.776287454079235,73.84615384615385,221.09948863636365,226.37109375,147.6679012784091,151.7060546875,1679.059070602193,laptop_battery_total:BAT1,2,26,275,true
phase_bt_greeting_20260819_122612_001,bt,greeting,bt_setup_pre_execution,phase,bt_executor,1787135172481430957,1787135180788805485,8307.374528,16.440662647875687,113.45454545454545,188.53114442567568,207.51171875,109.06668338260135,134.7802734375,,laptop_battery_total:BAT1,2,25,74,true
phase_bt_greeting_20260819_122612_001,bt,greeting,bt_setup_pre_execution,phase,total_measured_processes,1787135172481430957,1787135180788805485,8307.374528,16.440662647875687,113.45454545454545,188.53114442567568,207.51171875,109.06668338260135,134.7802734375,443.77156355900297,laptop_battery_total:BAT1,2,25,74,true
phase_bt_greeting_20260819_122612_001,bt,greeting,execution,phase,bt_executor,1787135180788805485,1787135213227524291,32438.718806,7.323219474426616,34.285714285714285,226.36570909288196,230.71484375,153.2354939778646,157.8095703125,,laptop_battery_total:BAT1,2,26,288,true
phase_bt_greeting_20260819_122612_001,bt,greeting,execution,phase,total_measured_processes,1787135180788805485,1787135213227524291,32438.718806,7.323219474426616,34.285714285714285,226.36570909288196,230.71484375,153.2354939778646,157.8095703125,1756.0214931676492,laptop_battery_total:BAT1,2,26,288,true
phase_bt_greeting_20260819_122612_001,bt,greeting,completion_propagation,phase,total_measured_processes,1787135213227524291,1787135213227726581,0.20229,,,,,,,,laptop_battery_total:BAT1,0,0,0,false
phase_bt_greeting_20260819_122612_001,bt,greeting,post_completion,phase,total_measured_processes,1787135213227726581,1787135213227742140,0.015559,,,,,,,,laptop_battery_total:BAT1,0,0,0,false
phase_bt_greeting_20260819_122612_001,bt,greeting,pre_execution,comparable,bt_executor,1787135172481430957,1787135180788805485,8307.374528,16.440662647875687,113.45454545454545,188.53114442567568,207.51171875,109.06668338260135,134.7802734375,,laptop_battery_total:BAT1,2,25,74,true
phase_bt_greeting_20260819_122612_001,bt,greeting,pre_execution,comparable,total_measured_processes,1787135172481430957,1787135180788805485,8307.374528,16.440662647875687,113.45454545454545,188.53114442567568,207.51171875,109.06668338260135,134.7802734375,443.77156355900297,laptop_battery_total:BAT1,2,25,74,true
phase_bt_greeting_20260819_122612_001,bt,greeting,e2e_active,e2e,bt_executor,1787135172481430957,1787135213227742140,40746.311183,9.187006200490785,113.45454545454545,218.63157156422653,230.71484375,144.20651059651243,157.8095703125,,laptop_battery_total:BAT1,2,26,362,true
phase_bt_greeting_20260819_122612_001,bt,greeting,e2e_active,e2e,total_measured_processes,1787135172481430957,1787135213227742140,40746.311183,9.187006200490785,113.45454545454545,218.63157156422653,230.71484375,144.20651059651243,157.8095703125,2206.130907140994,laptop_battery_total:BAT1,2,26,362,true
phase_bt_greeting_20260819_122612_001,bt,greeting,e2e_capability,e2e,bt_executor,1787135180788805485,1787135213227726581,32438.921096,7.323219474426616,34.285714285714285,226.36570909288196,230.71484375,153.2354939778646,157.8095703125,,laptop_battery_total:BAT1,2,26,288,true
phase_bt_greeting_20260819_122612_001,bt,greeting,e2e_capability,e2e,total_measured_processes,1787135180788805485,1787135213227726581,32438.921096,7.323219474426616,34.285714285714285,226.36570909288196,230.71484375,153.2354939778646,157.8095703125,1756.0214931676492,laptop_battery_total:BAT1,2,26,288,true
phase_modular_greeting_20260819_122654_006,modular,greeting,modular_idle_footprint,phase,cognitive_module,1787135216320931183,1787135219335950619,3015.019436,4.3383849507378685,18.250950570342205,58.66174768518518,59.91015625,29.773111979166668,31.0634765625,,laptop_battery_total:BAT1,2,12,27,true
phase_modular_greeting_20260819_122654_006,modular,greeting,modular_idle_footprint,phase,hri_challenge_master,1787135216320931183,1787135219335950619,3015.019436,4.335588264468625,18.39080459770115,58.36328125,59.625,30.553385416666668,31.8515625,,laptop_battery_total:BAT1,2,12,27,true
phase_modular_greeting_20260819_122654_006,modular,greeting,modular_idle_footprint,phase,total_measured_processes,1787135216320931183,1787135219335950619,3015.019436,8.673973215206493,35.687732342007436,117.02502893518519,119.53515625,60.326497395833336,62.9150390625,157.67743913946924,laptop_battery_total:BAT1,4,24,27,true
phase_modular_greeting_20260819_122654_006,modular,greeting,lifecycle_activation,phase,cognitive_module,1787135223030246619,1787135223697404430,667.157811,58.771277869761015,82.44274809160305,191.35416666666666,193.19921875,116.103515625,118.326171875,,laptop_battery_total:BAT1,2,25,6,true
phase_modular_greeting_20260819_122654_006,modular,greeting,lifecycle_activation,phase,hri_challenge_master,1787135223030246619,1787135223697404430,667.157811,7.571576290808498,18.39080459770115,67.00520833333333,67.3046875,39.26513671875,39.724609375,,laptop_battery_total:BAT1,2,13,6,true
phase_modular_greeting_20260819_122654_006,modular,greeting,lifecycle_activation,phase,total_measured_processes,1787135223030246619,1787135223697404430,667.157811,66.34285416056952,91.95402298850574,258.359375,260.50390625,155.36865234375,158.05078125,30.51909444019384,laptop_battery_total:BAT1,4,38,6,true
phase_modular_greeting_20260819_122654_006,modular,greeting,initialization,phase,total_measured_processes,1787135223697404430,1787135223699977062,2.572632,,,,,,,,laptop_battery_total:BAT1,0,0,0,false
phase_modular_greeting_20260819_122654_006,modular,greeting,execution,phase,cognitive_module,1787135223699977062,1787135264099545168,40399.568106,7.899704518396703,36.7816091954023,212.68216731039325,215.515625,138.71543078476122,141.646484375,,laptop_battery_total:BAT1,2,27,356,true
phase_modular_greeting_20260819_122654_006,modular,greeting,execution,phase,hri_challenge_master,1787135223699977062,1787135264099545168,40399.568106,1.1172553702428265,18.532818532818535,67.70288360252809,68.0703125,40.333087363939605,40.697265625,,laptop_battery_total:BAT1,2,13,356,true
phase_modular_greeting_20260819_122654_006,modular,greeting,execution,phase,total_measured_processes,1787135223699977062,1787135264099545168,40399.568106,9.016959888639528,44.776119402985074,280.3850509129214,283.5859375,179.04851814870085,182.34375,2183.45608485107,laptop_battery_total:BAT1,4,40,356,true
phase_modular_greeting_20260819_122654_006,modular,greeting,completion_propagation,phase,total_measured_processes,1787135264099545168,1787135264101743387,2.198219,,,,,,,,laptop_battery_total:BAT1,0,0,0,false
phase_modular_greeting_20260819_122654_006,modular,greeting,lifecycle_deactivation,phase,cognitive_module,1787135264101743387,1787135264737280180,635.536793,35.570521907032415,56.03112840466926,215.54609375,215.59765625,141.594140625,141.646484375,,laptop_battery_total:BAT1,2,25,5,true
phase_modular_greeting_20260819_122654_006,modular,greeting,lifecycle_deactivation,phase,hri_challenge_master,1787135264101743387,1787135264737280180,635.536793,7.149270139292494,17.712177121771216,68.11953125,68.16796875,40.728515625,40.736328125,,laptop_battery_total:BAT1,2,13,5,true
phase_modular_greeting_20260819_122654_006,modular,greeting,lifecycle_deactivation,phase,total_measured_processes,1787135264101743387,1787135264737280180,635.536793,42.71979204632491,65.36964980544747,283.665625,283.69140625,182.32265625,182.34375,25.220507993199135,laptop_battery_total:BAT1,4,38,5,true
phase_modular_greeting_20260819_122654_006,modular,greeting,pre_execution,comparable,cognitive_module,1787135219335950619,1787135223699977062,4364.026443,23.430480676596684,123.07692307692308,141.32882612179486,193.19921875,76.2509014423077,118.326171875,,laptop_battery_total:BAT1,2,25,39,true
phase_modular_greeting_20260819_122654_006,modular,greeting,pre_execution,comparable,hri_challenge_master,1787135219335950619,1787135223699977062,4364.026443,7.548383781775963,18.461538461538463,63.91726762820513,67.3046875,36.08864182692308,39.724609375,,laptop_battery_total:BAT1,2,13,39,true
phase_modular_greeting_20260819_122654_006,modular,greeting,pre_execution,comparable,total_measured_processes,1787135219335950619,1787135223699977062,4364.026443,30.978864458372648,131.86813186813188,205.24609375,260.50390625,112.33954326923077,158.05078125,232.49372501817288,laptop_battery_total:BAT1,4,38,39,true
phase_modular_greeting_20260819_122654_006,modular,greeting,e2e_active,e2e,cognitive_module,1787135219335950619,1787135264737280180,45401.329561,9.759840411179146,123.07692307692308,205.761015625,215.59765625,132.661123046875,141.646484375,,laptop_battery_total:BAT1,2,27,400,true
phase_modular_greeting_20260819_122654_006,modular,greeting,e2e_active,e2e,hri_challenge_master,1787135219335950619,1787135264737280180,45401.329561,1.819690574980428,18.532818532818535,67.338994140625,68.16796875,39.92419677734375,40.736328125,,laptop_battery_total:BAT1,2,13,400,true
phase_modular_greeting_20260819_122654_006,modular,greeting,e2e_active,e2e,total_measured_processes,1787135219335950619,1787135264737280180,45401.329561,11.579530986159567,131.86813186813188,273.100009765625,283.69140625,172.58531982421874,182.34375,2453.2587460573914,laptop_battery_total:BAT1,4,40,400,true
phase_modular_greeting_20260819_122654_006,modular,greeting,e2e_capability,e2e,cognitive_module,1787135223699977062,1787135264101743387,40401.766325,7.899704518396703,36.7816091954023,212.68216731039325,215.515625,138.71543078476122,141.646484375,,laptop_battery_total:BAT1,2,27,356,true
phase_modular_greeting_20260819_122654_006,modular,greeting,e2e_capability,e2e,hri_challenge_master,1787135223699977062,1787135264101743387,40401.766325,1.1172553702428265,18.532818532818535,67.70288360252809,68.0703125,40.333087363939605,40.697265625,,laptop_battery_total:BAT1,2,13,356,true
phase_modular_greeting_20260819_122654_006,modular,greeting,e2e_capability,e2e,total_measured_processes,1787135223699977062,1787135264101743387,40401.766325,9.016959888639528,44.776119402985074,280.3850509129214,283.5859375,179.04851814870085,182.34375,2183.45608485107,laptop_battery_total:BAT1,4,40,356,true
phase_modular_greeting_20260819_122654_006,modular,greeting,e2e_with_modular_idle,e2e,cognitive_module,1787135216320931183,1787135264737280180,48416.348997,9.417031752088011,123.07692307692308,196.45965676229508,215.59765625,126.15532375219556,141.646484375,,laptop_battery_total:BAT1,2,27,427,true
phase_modular_greeting_20260819_122654_006,modular,greeting,e2e_with_modular_idle,e2e,hri_challenge_master,1787135216320931183,1787135264737280180,48416.348997,1.9787754405920945,18.532818532818535,66.77144320843091,68.16796875,39.331663037909834,40.736328125,,laptop_battery_total:BAT1,2,13,427,true
phase_modular_greeting_20260819_122654_006,modular,greeting,e2e_with_modular_idle,e2e,total_measured_processes,1787135216320931183,1787135264737280180,48416.348997,11.395807192680099,131.86813186813188,263.231099970726,283.69140625,165.4869867901054,182.34375,2616.947464063698,laptop_battery_total:BAT1,4,40,427,true
phase_modular_greeting_20260819_122746_000,modular,greeting,modular_idle_footprint,phase,cognitive_module,1787135269002944569,1787135272017917707,3014.973138,6.8307646856334925,18.532818532818535,58.96107700892857,61.49609375,30.224748883928573,33.3310546875,,laptop_battery_total:BAT1,2,12,28,true
phase_modular_greeting_20260819_122746_000,modular,greeting,modular_idle_footprint,phase,hri_challenge_master,1787135269002944569,1787135272017917707,3014.973138,6.176200267527062,18.461538461538463,58.777762276785715,61.296875,31.119803292410715,34.1611328125,,laptop_battery_total:BAT1,2,12,28,true
phase_modular_greeting_20260819_122746_000,modular,greeting,modular_idle_footprint,phase,total_measured_processes,1787135269002944569,1787135272017917707,3014.973138,13.00696495316055,35.42435424354243,117.73883928571429,122.79296875,61.344552176339285,67.4921875,164.26833358043586,laptop_battery_total:BAT1,4,24,28,true
phase_modular_greeting_20260819_122746_000,modular,greeting,lifecycle_activation,phase,cognitive_module,1787135275750684612,1787135276413987552,663.30294,58.39240539554901,86.39999999999999,191.2734375,192.9140625,116.2666015625,118.416015625,,laptop_battery_total:BAT1,2,25,6,true
phase_modular_greeting_20260819_122746_000,modular,greeting,lifecycle_activation,phase,hri_challenge_master,1787135275750684612,1787135276413987552,663.30294,7.851302005387609,19.2,66.955078125,67.25,39.27001953125,39.6923828125,,laptop_battery_total:BAT1,2,13,6,true
phase_modular_greeting_20260819_122746_000,modular,greeting,lifecycle_activation,phase,total_measured_processes,1787135275750684612,1787135276413987552,663.30294,66.24370740093661,105.6,258.228515625,260.1640625,155.53662109375,158.1083984375,30.5239066792019,laptop_battery_total:BAT1,4,38,6,true
phase_modular_greeting_20260819_122746_000,modular,greeting,initialization,phase,total_measured_processes,1787135276413987552,1787135276416294635,2.307083,,,,,,,,laptop_battery_total:BAT1,0,0,0,false
phase_modular_greeting_20260819_122746_000,modular,greeting,execution,phase,cognitive_module,1787135276416294635,1787135308528576587,32112.281952,7.818401041618387,37.06563706563707,211.64126218971631,216.26953125,137.70906748670214,142.453125,,laptop_battery_total:BAT1,2,27,282,true
phase_modular_greeting_20260819_122746_000,modular,greeting,execution,phase,hri_challenge_master,1787135276416294635,1787135308528576587,32112.281952,1.174130798235762,18.3206106870229,67.60124390514184,67.86328125,40.244743184840424,40.5166015625,,laptop_battery_total:BAT1,2,13,282,true
phase_modular_greeting_20260819_122746_000,modular,greeting,execution,phase,total_measured_processes,1787135276416294635,1787135308528576587,32112.281952,8.992531839854138,46.33204633204634,279.24250609485813,284.125,177.95381067154256,182.9658203125,1745.630364455952,laptop_battery_total:BAT1,4,40,282,true
phase_modular_greeting_20260819_122746_000,modular,greeting,completion_propagation,phase,total_measured_processes,1787135308528576587,1787135308531448161,2.871574,,,,,,,,laptop_battery_total:BAT1,0,0,0,false
phase_modular_greeting_20260819_122746_000,modular,greeting,lifecycle_deactivation,phase,cognitive_module,1787135308531448161,1787135309154846794,623.398633,37.68064752887877,55.172413793103445,214.46484375,215.08984375,141.10009765625,141.1328125,,laptop_battery_total:BAT1,2,26,6,true
phase_modular_greeting_20260819_122746_000,modular,greeting,lifecycle_deactivation,phase,hri_challenge_master,1787135308531448161,1787135309154846794,623.398633,6.04384524529715,18.045112781954884,67.919921875,67.984375,40.5478515625,40.5791015625,,laptop_battery_total:BAT1,2,13,6,true
phase_modular_greeting_20260819_122746_000,modular,greeting,lifecycle_deactivation,phase,total_measured_processes,1787135308531448161,1787135309154846794,623.398633,43.72449277417591,64.36781609195401,282.384765625,282.9765625,181.64794921875,181.6494140625,30.713956199837412,laptop_battery_total:BAT1,4,39,6,true
phase_modular_greeting_20260819_122746_000,modular,greeting,pre_execution,comparable,cognitive_module,1787135272017917707,1787135276416294635,4398.376928,24.114637091993462,115.98513011152419,144.65419407894737,192.9140625,78.52911698190789,118.416015625,,laptop_battery_total:BAT1,2,25,38,true
phase_modular_greeting_20260819_122746_000,modular,greeting,pre_execution,comparable,hri_challenge_master,1787135272017917707,1787135276416294635,4398.376928,7.02320211298213,19.2,64.88774671052632,67.25,37.150339226973685,39.6923828125,,laptop_battery_total:BAT1,2,13,38,true
phase_modular_greeting_20260819_122746_000,modular,greeting,pre_execution,comparable,total_measured_processes,1787135272017917707,1787135276416294635,4398.376928,31.13783920497558,124.90706319702605,209.54194078947367,260.1640625,115.67945620888158,158.1083984375,231.5468728745327,laptop_battery_total:BAT1,4,38,38,true
phase_modular_greeting_20260819_122746_000,modular,greeting,e2e_active,e2e,cognitive_module,1787135272017917707,1787135309154846794,37136.929087,10.267574197562586,115.98513011152419,203.88492139570553,216.26953125,130.87320264570553,142.453125,,laptop_battery_total:BAT1,2,27,326,true
phase_modular_greeting_20260819_122746_000,modular,greeting,e2e_active,e2e,hri_challenge_master,1787135272017917707,1787135309154846794,37136.929087,1.945551033336162,19.2,67.29081192484662,67.984375,39.88962447277607,40.5791015625,,laptop_battery_total:BAT1,2,13,326,true
phase_modular_greeting_20260819_122746_000,modular,greeting,e2e_active,e2e,total_measured_processes,1787135272017917707,1787135309154846794,37136.929087,12.213125230898743,124.90706319702605,271.1757333205521,284.125,170.7628271184816,182.9658203125,2020.0068616478002,laptop_battery_total:BAT1,4,40,326,true
phase_modular_greeting_20260819_122746_000,modular,greeting,e2e_capability,e2e,cognitive_module,1787135276416294635,1787135308531448161,32115.153526,7.818401041618387,37.06563706563707,211.64126218971631,216.26953125,137.70906748670214,142.453125,,laptop_battery_total:BAT1,2,27,282,true
phase_modular_greeting_20260819_122746_000,modular,greeting,e2e_capability,e2e,hri_challenge_master,1787135276416294635,1787135308531448161,32115.153526,1.174130798235762,18.3206106870229,67.60124390514184,67.86328125,40.244743184840424,40.5166015625,,laptop_battery_total:BAT1,2,13,282,true
phase_modular_greeting_20260819_122746_000,modular,greeting,e2e_capability,e2e,total_measured_processes,1787135276416294635,1787135308531448161,32115.153526,8.992531839854138,46.33204633204634,279.24250609485813,284.125,177.95381067154256,182.9658203125,1745.630364455952,laptop_battery_total:BAT1,4,40,282,true
phase_modular_greeting_20260819_122746_000,modular,greeting,e2e_with_modular_idle,e2e,cognitive_module,1787135269002944569,1787135309154846794,40151.902225,9.995736157071022,115.98513011152419,192.42201844985877,216.26953125,122.91230799788136,142.453125,,laptop_battery_total:BAT1,2,27,354,true
phase_modular_greeting_20260819_122746_000,modular,greeting,e2e_with_modular_idle,e2e,hri_challenge_master,1787135269002944569,1787135309154846794,40151.902225,2.2801786563795106,19.2,66.617463365113,67.984375,39.1959663003178,40.5791015625,,laptop_battery_total:BAT1,2,13,354,true
phase_modular_greeting_20260819_122746_000,modular,greeting,e2e_with_modular_idle,e2e,total_measured_processes,1787135269002944569,1787135309154846794,40151.902225,12.27591481345052,124.90706319702605,259.03948181497174,284.125,162.10827429819915,182.9658203125,2190.7206262743075,laptop_battery_total:BAT1,4,40,354,true
phase_bt_greeting_20260819_122831_007,bt,greeting,bt_setup_pre_execution,phase,bt_executor,1787135311072885632,1787135316499837604,5426.951972,19.800263893713446,109.92366412213741,182.20638020833334,202.53125,99.48828125,127.572265625,,laptop_battery_total:BAT1,2,25,48,true
phase_bt_greeting_20260819_122831_007,bt,greeting,bt_setup_pre_execution,phase,total_measured_processes,1787135311072885632,1787135316499837604,5426.951972,19.800263893713446,109.92366412213741,182.20638020833334,202.53125,99.48828125,127.572265625,290.4750539962952,laptop_battery_total:BAT1,2,25,48,true
phase_bt_greeting_20260819_122831_007,bt,greeting,execution,phase,bt_executor,1787135316499837604,1787135348600732706,32100.895102,7.848368546037587,55.5984555984556,229.3702822403169,233.53125,156.37405094630282,160.751953125,,laptop_battery_total:BAT1,2,26,284,true
phase_bt_greeting_20260819_122831_007,bt,greeting,execution,phase,total_measured_processes,1787135316499837604,1787135348600732706,32100.895102,7.848368546037587,55.5984555984556,229.3702822403169,233.53125,156.37405094630282,160.751953125,1741.3910427544943,laptop_battery_total:BAT1,2,26,284,true
phase_bt_greeting_20260819_122831_007,bt,greeting,completion_propagation,phase,total_measured_processes,1787135348600732706,1787135348600892537,0.159831,,,,,,,,laptop_battery_total:BAT1,0,0,0,false
phase_bt_greeting_20260819_122831_007,bt,greeting,post_completion,phase,total_measured_processes,1787135348600892537,1787135348600921160,0.028623,,,,,,,,laptop_battery_total:BAT1,0,0,0,false
phase_bt_greeting_20260819_122831_007,bt,greeting,pre_execution,comparable,bt_executor,1787135311072885632,1787135316499837604,5426.951972,19.800263893713446,109.92366412213741,182.20638020833334,202.53125,99.48828125,127.572265625,,laptop_battery_total:BAT1,2,25,48,true
phase_bt_greeting_20260819_122831_007,bt,greeting,pre_execution,comparable,total_measured_processes,1787135311072885632,1787135316499837604,5426.951972,19.800263893713446,109.92366412213741,182.20638020833334,202.53125,99.48828125,127.572265625,290.4750539962952,laptop_battery_total:BAT1,2,25,48,true
phase_bt_greeting_20260819_122831_007,bt,greeting,e2e_active,e2e,bt_executor,1787135311072885632,1787135348600921160,37528.035528,9.57635341558107,109.92366412213741,222.5514048381024,233.53125,148.14960231551206,160.751953125,,laptop_battery_total:BAT1,2,26,332,true
phase_bt_greeting_20260819_122831_007,bt,greeting,e2e_active,e2e,total_measured_processes,1787135311072885632,1787135348600921160,37528.035528,9.57635341558107,109.92366412213741,222.5514048381024,233.53125,148.14960231551206,160.751953125,2037.8851460965798,laptop_battery_total:BAT1,2,26,332,true
phase_bt_greeting_20260819_122831_007,bt,greeting,e2e_capability,e2e,bt_executor,1787135316499837604,1787135348600892537,32101.054933,7.848368546037587,55.5984555984556,229.3702822403169,233.53125,156.37405094630282,160.751953125,,laptop_battery_total:BAT1,2,26,284,true
phase_bt_greeting_20260819_122831_007,bt,greeting,e2e_capability,e2e,total_measured_processes,1787135316499837604,1787135348600892537,32101.054933,7.848368546037587,55.5984555984556,229.3702822403169,233.53125,156.37405094630282,160.751953125,1741.3910427544943,laptop_battery_total:BAT1,2,26,284,true
phase_bt_greeting_20260819_122909_003,bt,greeting,bt_setup_pre_execution,phase,bt_executor,1787135349705452672,1787135356653654065,6948.201393,17.7130676567915,109.92366412213741,185.4672379032258,205.48828125,105.22339654737904,125.171875,,laptop_battery_total:BAT1,2,25,62,true
phase_bt_greeting_20260819_122909_003,bt,greeting,bt_setup_pre_execution,phase,total_measured_processes,1787135349705452672,1787135356653654065,6948.201393,17.7130676567915,109.92366412213741,185.4672379032258,205.48828125,105.22339654737904,125.171875,371.6348910143133,laptop_battery_total:BAT1,2,25,62,true
phase_bt_greeting_20260819_122909_003,bt,greeting,execution,phase,bt_executor,1787135356653654065,1787135389667023067,33013.369002,7.250895669124011,62.22222222222222,225.27699712030716,228.9921875,152.158799728029,156.025390625,,laptop_battery_total:BAT1,2,26,293,true
phase_bt_greeting_20260819_122909_003,bt,greeting,execution,phase,total_measured_processes,1787135356653654065,1787135389667023067,33013.369002,7.250895669124011,62.22222222222222,225.27699712030716,228.9921875,152.158799728029,156.025390625,1728.8836275715385,laptop_battery_total:BAT1,2,26,293,true
phase_bt_greeting_20260819_122909_003,bt,greeting,completion_propagation,phase,total_measured_processes,1787135389667023067,1787135389667162930,0.139863,,,,,,,,laptop_battery_total:BAT1,0,0,0,false
phase_bt_greeting_20260819_122909_003,bt,greeting,post_completion,phase,total_measured_processes,1787135389667162930,1787135389667184611,0.021681,,,,,,,,laptop_battery_total:BAT1,0,0,0,false
phase_bt_greeting_20260819_122909_003,bt,greeting,pre_execution,comparable,bt_executor,1787135349705452672,1787135356653654065,6948.201393,17.7130676567915,109.92366412213741,185.4672379032258,205.48828125,105.22339654737904,125.171875,,laptop_battery_total:BAT1,2,25,62,true
phase_bt_greeting_20260819_122909_003,bt,greeting,pre_execution,comparable,total_measured_processes,1787135349705452672,1787135356653654065,6948.201393,17.7130676567915,109.92366412213741,185.4672379032258,205.48828125,105.22339654737904,125.171875,371.6348910143133,laptop_battery_total:BAT1,2,25,62,true
phase_bt_greeting_20260819_122909_003,bt,greeting,e2e_active,e2e,bt_executor,1787135349705452672,1787135389667184611,39961.731939,9.078091903589872,109.92366412213741,218.32430677816902,228.9921875,143.961630721831,156.025390625,,laptop_battery_total:BAT1,2,26,355,true
phase_bt_greeting_20260819_122909_003,bt,greeting,e2e_active,e2e,total_measured_processes,1787135349705452672,1787135389667184611,39961.731939,9.078091903589872,109.92366412213741,218.32430677816902,228.9921875,143.961630721831,156.025390625,2106.82004073395,laptop_battery_total:BAT1,2,26,355,true
phase_bt_greeting_20260819_122909_003,bt,greeting,e2e_capability,e2e,bt_executor,1787135356653654065,1787135389667162930,33013.508865,7.250895669124011,62.22222222222222,225.27699712030716,228.9921875,152.158799728029,156.025390625,,laptop_battery_total:BAT1,2,26,293,true
phase_bt_greeting_20260819_122909_003,bt,greeting,e2e_capability,e2e,total_measured_processes,1787135356653654065,1787135389667162930,33013.508865,7.250895669124011,62.22222222222222,225.27699712030716,228.9921875,152.158799728029,156.025390625,1728.8836275715385,laptop_battery_total:BAT1,2,26,293,true
phase_modular_greeting_20260819_122950_008,modular,greeting,modular_idle_footprint,phase,cognitive_module,1787135392747929115,1787135395766347645,3018.41853,3.642147761391424,17.454545454545457,58.18836805555556,58.98828125,30.092447916666668,30.9921875,,laptop_battery_total:BAT1,2,12,27,true
phase_modular_greeting_20260819_122950_008,modular,greeting,modular_idle_footprint,phase,hri_challenge_master,1787135392747929115,1787135395766347645,3018.41853,2.6704172205355268,9.266409266409267,57.8984375,58.71875,30.8935546875,31.8154296875,,laptop_battery_total:BAT1,2,12,27,true
phase_modular_greeting_20260819_122950_008,modular,greeting,modular_idle_footprint,phase,total_measured_processes,1787135392747929115,1787135395766347645,3018.41853,6.312564981926949,18.250950570342205,116.08680555555556,117.70703125,60.986002604166664,62.8076171875,135.95148637416423,laptop_battery_total:BAT1,4,24,27,true
phase_modular_greeting_20260819_122950_008,modular,greeting,lifecycle_activation,phase,cognitive_module,1787135399517259574,1787135400186076191,668.816617,58.52079717235184,82.12927756653993,190.93229166666666,192.91015625,115.96337890625,118.2099609375,,laptop_battery_total:BAT1,2,25,6,true
phase_modular_greeting_20260819_122950_008,modular,greeting,lifecycle_activation,phase,hri_challenge_master,1787135399517259574,1787135400186076191,668.816617,5.979708667042183,9.195402298850574,66.66145833333333,66.9921875,39.22998046875,39.634765625,,laptop_battery_total:BAT1,2,13,6,true
phase_modular_greeting_20260819_122950_008,modular,greeting,lifecycle_activation,phase,total_measured_processes,1787135399517259574,1787135400186076191,668.816617,64.50050583939402,91.25475285171103,257.59375,259.90234375,155.193359375,157.8447265625,25.9462243434391,laptop_battery_total:BAT1,4,38,6,true
phase_modular_greeting_20260819_122950_008,modular,greeting,initialization,phase,total_measured_processes,1787135400186076191,1787135400188211572,2.135381,,,,,,,,laptop_battery_total:BAT1,0,0,0,false
phase_modular_greeting_20260819_122950_008,modular,greeting,execution,phase,cognitive_module,1787135400188211572,1787135442064412749,41876.201177,8.21871854406632,44.44444444444444,212.00862542229729,215.1796875,137.98767683699324,141.4296875,,laptop_battery_total:BAT1,2,27,370,true
phase_modular_greeting_20260819_122950_008,modular,greeting,execution,phase,hri_challenge_master,1787135400188211572,1787135442064412749,41876.201177,0.9663851276490497,17.77777777777778,67.42824113175676,67.8046875,40.30178684543919,40.6875,,laptop_battery_total:BAT1,2,13,370,true
phase_modular_greeting_20260819_122950_008,modular,greeting,execution,phase,total_measured_processes,1787135400188211572,1787135442064412749,41876.201177,9.185103671715368,62.22222222222222,279.43686655405406,282.9765625,178.28946368243243,182.10546875,1849.7053910658688,laptop_battery_total:BAT1,4,40,370,true
phase_modular_greeting_20260819_122950_008,modular,greeting,completion_propagation,phase,total_measured_processes,1787135442064412749,1787135442066127312,1.714563,,,,,,,,laptop_battery_total:BAT1,0,0,0,false
phase_modular_greeting_20260819_122950_008,modular,greeting,lifecycle_deactivation,phase,cognitive_module,1787135442066127312,1787135442685894679,619.767367,33.31182683402049,52.55474452554745,213.98046875,214.04296875,140.17578125,140.17578125,,laptop_battery_total:BAT1,2,26,5,true
phase_modular_greeting_20260819_122950_008,modular,greeting,lifecycle_deactivation,phase,hri_challenge_master,1787135442066127312,1787135442685894679,619.767367,5.320598051718991,17.843866171003718,67.8453125,67.8828125,40.6875,40.6875,,laptop_battery_total:BAT1,2,13,5,true
phase_modular_greeting_20260819_122950_008,modular,greeting,lifecycle_deactivation,phase,total_measured_processes,1787135442066127312,1787135442685894679,619.767367,38.63242488573948,62.45353159851301,281.82578125,281.8671875,180.86328125,180.86328125,19.771883327652176,laptop_battery_total:BAT1,4,39,5,true
phase_modular_greeting_20260819_122950_008,modular,greeting,pre_execution,comparable,cognitive_module,1787135395766347645,1787135400188211572,4421.863927,23.61978127611953,153.38345864661653,141.5897435897436,192.91015625,76.15294471153847,118.2099609375,,laptop_battery_total:BAT1,2,25,39,true
phase_modular_greeting_20260819_122950_008,modular,greeting,pre_execution,comparable,hri_challenge_master,1787135395766347645,1787135400188211572,4421.863927,7.060808320077563,18.39080459770115,63.79637419871795,66.9921875,35.99992487980769,39.634765625,,laptop_battery_total:BAT1,2,13,39,true
phase_modular_greeting_20260819_122950_008,modular,greeting,pre_execution,comparable,total_measured_processes,1787135395766347645,1787135400188211572,4421.863927,30.680589596197095,171.42857142857142,205.38611778846155,259.90234375,112.15286959134616,157.8447265625,197.4250799679976,laptop_battery_total:BAT1,4,38,39,true
phase_modular_greeting_20260819_122950_008,modular,greeting,e2e_active,e2e,cognitive_module,1787135395766347645,1787135442685894679,46919.547034,9.972600157592504,153.38345864661653,205.39877717391303,215.1796875,132.1890922214674,141.4296875,,laptop_battery_total:BAT1,2,27,414,true
phase_modular_greeting_20260819_122950_008,modular,greeting,e2e_active,e2e,hri_challenge_master,1787135395766347645,1787135442685894679,46919.547034,1.593084569980118,18.39080459770115,67.09114583333333,67.8828125,39.90119735054348,40.6875,,laptop_battery_total:BAT1,2,13,414,true
phase_modular_greeting_20260819_122950_008,modular,greeting,e2e_active,e2e,total_measured_processes,1787135395766347645,1787135442685894679,46919.547034,11.56568472757263,171.42857142857142,272.4899230072464,282.9765625,172.09028957201087,182.10546875,2077.3975611422975,laptop_battery_total:BAT1,4,40,414,true
phase_modular_greeting_20260819_122950_008,modular,greeting,e2e_capability,e2e,cognitive_module,1787135400188211572,1787135442066127312,41877.91574,8.21871854406632,44.44444444444444,212.00862542229729,215.1796875,137.98767683699324,141.4296875,,laptop_battery_total:BAT1,2,27,370,true
phase_modular_greeting_20260819_122950_008,modular,greeting,e2e_capability,e2e,hri_challenge_master,1787135400188211572,1787135442066127312,41877.91574,0.9663851276490497,17.77777777777778,67.42824113175676,67.8046875,40.30178684543919,40.6875,,laptop_battery_total:BAT1,2,13,370,true
phase_modular_greeting_20260819_122950_008,modular,greeting,e2e_capability,e2e,total_measured_processes,1787135400188211572,1787135442066127312,41877.91574,9.185103671715368,62.22222222222222,279.43686655405406,282.9765625,178.28946368243243,182.10546875,1849.7053910658688,laptop_battery_total:BAT1,4,40,370,true
phase_modular_greeting_20260819_122950_008,modular,greeting,e2e_with_modular_idle,e2e,cognitive_module,1787135392747929115,1787135442685894679,49937.965564,9.585021439457742,153.38345864661653,196.3858949829932,215.1796875,125.93827726403062,141.4296875,,laptop_battery_total:BAT1,2,27,441,true
phase_modular_greeting_20260819_122950_008,modular,greeting,e2e_with_modular_idle,e2e,hri_challenge_master,1787135392747929115,1787135442685894679,49937.965564,1.6590437118508576,18.39080459770115,66.52832695578232,67.8828125,39.34970902423469,40.6875,,laptop_battery_total:BAT1,2,13,441,true
phase_modular_greeting_20260819_122950_008,modular,greeting,e2e_with_modular_idle,e2e,total_measured_processes,1787135392747929115,1787135442685894679,49937.965564,11.244065151308607,171.42857142857142,262.9142219387755,282.9765625,165.2879862882653,182.10546875,2218.678187849069,laptop_battery_total:BAT1,4,40,441,true
phase_modular_greeting_20260819_123044_007,modular,greeting,modular_idle_footprint,phase,cognitive_module,1787135446980944946,1787135449995935373,3014.990427,6.347840976624424,18.67704280155642,58.35691550925926,60.609375,30.175455729166668,31.8134765625,,laptop_battery_total:BAT1,2,12,27,true
phase_modular_greeting_20260819_123044_007,modular,greeting,modular_idle_footprint,phase,hri_challenge_master,1787135446980944946,1787135449995935373,3014.990427,5.005268411786216,18.39080459770115,58.300057870370374,60.3828125,31.228841145833332,32.8720703125,,laptop_battery_total:BAT1,2,12,27,true
phase_modular_greeting_20260819_123044_007,modular,greeting,modular_idle_footprint,phase,total_measured_processes,1787135446980944946,1787135449995935373,3014.990427,11.35310938841064,36.7816091954023,116.65697337962963,120.9921875,61.404296875,64.685546875,128.0508247593025,laptop_battery_total:BAT1,4,24,27,true
phase_modular_greeting_20260819_123044_007,modular,greeting,lifecycle_activation,phase,cognitive_module,1787135453733671809,1787135454399156342,665.484533,51.44191411815489,72.72727272727273,190.333984375,192.17578125,115.75341796875,118.0322265625,,laptop_battery_total:BAT1,2,25,6,true
phase_modular_greeting_20260819_123044_007,modular,greeting,lifecycle_activation,phase,hri_challenge_master,1787135453733671809,1787135454399156342,665.484533,7.48199372853689,9.33852140077821,66.50390625,66.828125,39.32080078125,39.7900390625,,laptop_battery_total:BAT1,2,13,6,true
phase_modular_greeting_20260819_123044_007,modular,greeting,lifecycle_activation,phase,total_measured_processes,1787135453733671809,1787135454399156342,665.484533,58.923907846691776,81.81818181818183,256.837890625,259.00390625,155.07421875,157.822265625,24.577988438242755,laptop_battery_total:BAT1,4,38,6,true
phase_modular_greeting_20260819_123044_007,modular,greeting,initialization,phase,total_measured_processes,1787135454399156342,1787135454401603121,2.446779,,,,,,,,laptop_battery_total:BAT1,0,0,0,false
phase_modular_greeting_20260819_123044_007,modular,greeting,execution,phase,cognitive_module,1787135454401603121,1787135492396184576,37994.581455,7.62450476807375,45.627376425855516,209.61653645833334,213.5234375,136.01682826450892,140.1728515625,,laptop_battery_total:BAT1,2,27,336,true
phase_modular_greeting_20260819_123044_007,modular,greeting,execution,phase,hri_challenge_master,1787135454401603121,1787135492396184576,37994.581455,0.9505522416639776,17.32851985559567,67.23849051339286,67.5546875,40.41737583705357,40.7431640625,,laptop_battery_total:BAT1,2,13,336,true
phase_modular_greeting_20260819_123044_007,modular,greeting,execution,phase,total_measured_processes,1787135454401603121,1787135492396184576,37994.581455,8.575057009737721,54.75285171102662,276.8550269717262,280.76953125,176.4342041015625,180.615234375,1652.0551616514094,laptop_battery_total:BAT1,4,40,336,true
phase_modular_greeting_20260819_123044_007,modular,greeting,completion_propagation,phase,total_measured_processes,1787135492396184576,1787135492398761299,2.576723,,,,,,,,laptop_battery_total:BAT1,0,0,0,false
phase_modular_greeting_20260819_123044_007,modular,greeting,lifecycle_deactivation,phase,cognitive_module,1787135492398761299,1787135493028880245,630.118946,40.036843731806336,62.68656716417911,213.23372395833334,213.27734375,139.80224609375,139.8720703125,,laptop_battery_total:BAT1,2,26,6,true
phase_modular_greeting_20260819_123044_007,modular,greeting,lifecycle_deactivation,phase,hri_challenge_master,1787135492398761299,1787135493028880245,630.118946,4.456516730242442,9.056603773584907,67.61588541666667,67.68359375,40.7763671875,40.8095703125,,laptop_battery_total:BAT1,2,13,6,true
phase_modular_greeting_20260819_123044_007,modular,greeting,lifecycle_deactivation,phase,total_measured_processes,1787135492398761299,1787135493028880245,630.118946,44.49336046204878,71.64179104477613,280.849609375,280.94140625,180.57861328125,180.615234375,24.15530876611956,laptop_battery_total:BAT1,4,39,6,true
phase_modular_greeting_20260819_123044_007,modular,greeting,pre_execution,comparable,cognitive_module,1787135449995935373,1787135454401603121,4405.667748,22.06022030698003,109.92366412213741,139.70853365384616,192.17578125,76.13927283653847,118.0322265625,,laptop_battery_total:BAT1,2,25,39,true
phase_modular_greeting_20260819_123044_007,modular,greeting,pre_execution,comparable,hri_challenge_master,1787135449995935373,1787135454401603121,4405.667748,7.146664333806197,27.692307692307693,63.59485176282051,66.828125,36.32354266826923,39.7900390625,,laptop_battery_total:BAT1,2,13,39,true
phase_modular_greeting_20260819_123044_007,modular,greeting,pre_execution,comparable,total_measured_processes,1787135449995935373,1787135454401603121,4405.667748,29.206884640786228,109.92366412213741,203.30338541666666,259.00390625,112.4628155048077,157.822265625,188.83570547891577,laptop_battery_total:BAT1,4,38,39,true
phase_modular_greeting_20260819_123044_007,modular,greeting,e2e_active,e2e,cognitive_module,1787135449995935373,1787135493028880245,43032.944872,9.612606972272532,109.92366412213741,202.517562746063,213.5234375,129.9472425565945,140.1728515625,,laptop_battery_total:BAT1,2,27,381,true
phase_modular_greeting_20260819_123044_007,modular,greeting,e2e_active,e2e,hri_challenge_master,1787135449995935373,1787135493028880245,43032.944872,1.6400119753254414,27.692307692307693,66.87146284448819,67.68359375,40.00397545521653,40.8095703125,,laptop_battery_total:BAT1,2,13,381,true
phase_modular_greeting_20260819_123044_007,modular,greeting,e2e_active,e2e,total_measured_processes,1787135449995935373,1787135493028880245,43032.944872,11.252618947597968,109.92366412213741,269.38902559055117,280.94140625,169.95121801181102,180.615234375,1874.7960586670888,laptop_battery_total:BAT1,4,40,381,true
phase_modular_greeting_20260819_123044_007,modular,greeting,e2e_capability,e2e,cognitive_module,1787135454401603121,1787135492398761299,37997.158178,7.62450476807375,45.627376425855516,209.61653645833334,213.5234375,136.01682826450892,140.1728515625,,laptop_battery_total:BAT1,2,27,336,true
phase_modular_greeting_20260819_123044_007,modular,greeting,e2e_capability,e2e,hri_challenge_master,1787135454401603121,1787135492398761299,37997.158178,0.9505522416639776,17.32851985559567,67.23849051339286,67.5546875,40.41737583705357,40.7431640625,,laptop_battery_total:BAT1,2,13,336,true
phase_modular_greeting_20260819_123044_007,modular,greeting,e2e_capability,e2e,total_measured_processes,1787135454401603121,1787135492398761299,37997.158178,8.575057009737721,54.75285171102662,276.8550269717262,280.76953125,176.4342041015625,180.615234375,1652.0551616514094,laptop_battery_total:BAT1,4,40,336,true
phase_modular_greeting_20260819_123044_007,modular,greeting,e2e_with_modular_idle,e2e,cognitive_module,1787135446980944946,1787135493028880245,46047.935299,9.396556281384052,109.92366412213741,192.9775199142157,213.5234375,123.34469784007354,140.1728515625,,laptop_battery_total:BAT1,2,27,408,true
phase_modular_greeting_20260819_123044_007,modular,greeting,e2e_with_modular_idle,e2e,hri_challenge_master,1787135446980944946,1787135493028880245,46047.935299,1.8627127689147571,27.692307692307693,66.30423751531863,67.68359375,39.423268037683826,40.8095703125,,laptop_battery_total:BAT1,2,13,408,true
phase_modular_greeting_20260819_123044_007,modular,greeting,e2e_with_modular_idle,e2e,total_measured_processes,1787135446980944946,1787135493028880245,46047.935299,11.259269050298801,109.92366412213741,259.2817574295343,280.94140625,162.76796587775735,180.615234375,2007.8179014771886,laptop_battery_total:BAT1,4,40,408,true
phase_bt_greeting_20260819_123135_006,bt,greeting,bt_setup_pre_execution,phase,bt_executor,1787135495233346142,1787135500472584320,5239.238178,19.463958622079097,111.1969111969112,181.09532912234042,202.93359375,98.65192819148936,129.6240234375,,laptop_battery_total:BAT1,2,25,47,true
phase_bt_greeting_20260819_123135_006,bt,greeting,bt_setup_pre_execution,phase,total_measured_processes,1787135495233346142,1787135500472584320,5239.238178,19.463958622079097,111.1969111969112,181.09532912234042,202.93359375,98.65192819148936,129.6240234375,222.2773845700067,laptop_battery_total:BAT1,2,25,47,true
phase_bt_greeting_20260819_123135_006,bt,greeting,execution,phase,bt_executor,1787135500472584320,1787135541037580798,40564.996478,7.449330647165592,27.586206896551722,228.73989800347223,233.3671875,155.5958767361111,160.107421875,,laptop_battery_total:BAT1,2,26,360,true
phase_bt_greeting_20260819_123135_006,bt,greeting,execution,phase,total_measured_processes,1787135500472584320,1787135541037580798,40564.996478,7.449330647165592,27.586206896551722,228.73989800347223,233.3671875,155.5958767361111,160.107421875,1726.8861197715232,laptop_battery_total:BAT1,2,26,360,true
phase_bt_greeting_20260819_123135_006,bt,greeting,completion_propagation,phase,total_measured_processes,1787135541037580798,1787135541037718708,0.13791,,,,,,,,laptop_battery_total:BAT1,0,0,0,false
phase_bt_greeting_20260819_123135_006,bt,greeting,post_completion,phase,total_measured_processes,1787135541037718708,1787135541037739888,0.02118,,,,,,,,laptop_battery_total:BAT1,0,0,0,false
phase_bt_greeting_20260819_123135_006,bt,greeting,pre_execution,comparable,bt_executor,1787135495233346142,1787135500472584320,5239.238178,19.463958622079097,111.1969111969112,181.09532912234042,202.93359375,98.65192819148936,129.6240234375,,laptop_battery_total:BAT1,2,25,47,true
phase_bt_greeting_20260819_123135_006,bt,greeting,pre_execution,comparable,total_measured_processes,1787135495233346142,1787135500472584320,5239.238178,19.463958622079097,111.1969111969112,181.09532912234042,202.93359375,98.65192819148936,129.6240234375,222.2773845700067,laptop_battery_total:BAT1,2,25,47,true
phase_bt_greeting_20260819_123135_006,bt,greeting,e2e_active,e2e,bt_executor,1787135495233346142,1787135541037739888,45804.393746,8.836769258519228,111.1969111969112,223.23794533169533,233.3671875,149.02003992628994,160.107421875,,laptop_battery_total:BAT1,2,26,407,true
phase_bt_greeting_20260819_123135_006,bt,greeting,e2e_active,e2e,total_measured_processes,1787135495233346142,1787135541037739888,45804.393746,8.836769258519228,111.1969111969112,223.23794533169533,233.3671875,149.02003992628994,160.107421875,1953.993247303304,laptop_battery_total:BAT1,2,26,407,true
phase_bt_greeting_20260819_123135_006,bt,greeting,e2e_capability,e2e,bt_executor,1787135500472584320,1787135541037718708,40565.134388,7.449330647165592,27.586206896551722,228.73989800347223,233.3671875,155.5958767361111,160.107421875,,laptop_battery_total:BAT1,2,26,360,true
phase_bt_greeting_20260819_123135_006,bt,greeting,e2e_capability,e2e,total_measured_processes,1787135500472584320,1787135541037718708,40565.134388,7.449330647165592,27.586206896551722,228.73989800347223,233.3671875,155.5958767361111,160.107421875,1726.8861197715232,laptop_battery_total:BAT1,2,26,360,true
phase_modular_greeting_20260819_123222_003,modular,greeting,modular_idle_footprint,phase,cognitive_module,1787135544253959191,1787135547269374608,3015.415417,5.015170222706469,18.250950570342205,58.547598379629626,59.83984375,29.6728515625,30.8251953125,,laptop_battery_total:BAT1,2,12,27,true
phase_modular_greeting_20260819_123222_003,modular,greeting,modular_idle_footprint,phase,hri_challenge_master,1787135544253959191,1787135547269374608,3015.415417,3.6945920190008956,18.532818532818535,58.31293402777778,59.58984375,30.554361979166668,31.7470703125,,laptop_battery_total:BAT1,2,12,27,true
phase_modular_greeting_20260819_123222_003,modular,greeting,modular_idle_footprint,phase,total_measured_processes,1787135544253959191,1787135547269374608,3015.415417,8.709762241707365,36.09022556390977,116.8605324074074,119.4296875,60.227213541666664,62.572265625,123.63973315125622,laptop_battery_total:BAT1,4,24,27,true
phase_modular_greeting_20260819_123222_003,modular,greeting,lifecycle_activation,phase,cognitive_module,1787135551137029977,1787135551803769579,666.739602,53.73157454292749,75.59055118110236,190.99348958333334,192.8046875,116.39811197916667,117.7099609375,,laptop_battery_total:BAT1,2,25,6,true
phase_modular_greeting_20260819_123222_003,modular,greeting,lifecycle_activation,phase,hri_challenge_master,1787135551137029977,1787135551803769579,666.739602,6.0451996732347615,18.250950570342205,66.83658854166667,67.16015625,39.279296875,39.5166015625,,laptop_battery_total:BAT1,2,13,6,true
phase_modular_greeting_20260819_123222_003,modular,greeting,lifecycle_activation,phase,total_measured_processes,1787135551137029977,1787135551803769579,666.739602,59.77677421616226,91.25475285171103,257.830078125,259.96484375,155.67740885416666,157.2265625,24.090966328385548,laptop_battery_total:BAT1,4,38,6,true
phase_modular_greeting_20260819_123222_003,modular,greeting,initialization,phase,total_measured_processes,1787135551803769579,1787135551806068030,2.298451,,,,,,,,laptop_battery_total:BAT1,0,0,0,false
phase_modular_greeting_20260819_123222_003,modular,greeting,execution,phase,cognitive_module,1787135551806068030,1787135587111133413,35305.065383,7.664775581739873,52.74725274725275,211.43798985128618,215.0,137.22484488042605,141.0458984375,,laptop_battery_total:BAT1,2,27,311,true
phase_modular_greeting_20260819_123222_003,modular,greeting,execution,phase,hri_challenge_master,1787135551806068030,1787135587111133413,35305.065383,0.9803276779803789,18.6046511627907,67.54693780144694,67.95703125,40.27189572447749,40.69140625,,laptop_battery_total:BAT1,2,13,311,true
phase_modular_greeting_20260819_123222_003,modular,greeting,execution,phase,total_measured_processes,1787135551806068030,1787135587111133413,35305.065383,8.645103259720257,70.32967032967034,278.9849276527331,282.95703125,177.49674060490355,181.7373046875,1473.7257296960306,laptop_battery_total:BAT1,4,40,311,true
phase_modular_greeting_20260819_123222_003,modular,greeting,completion_propagation,phase,total_measured_processes,1787135587111133413,1787135587112577387,1.443974,,,,,,,,laptop_battery_total:BAT1,0,0,0,false
phase_modular_greeting_20260819_123222_003,modular,greeting,lifecycle_deactivation,phase,cognitive_module,1787135587112577387,1787135587745875338,633.297951,38.06738221797072,52.94117647058824,215.0671875,215.125,141.05078125,141.05078125,,laptop_battery_total:BAT1,2,25,5,true
phase_modular_greeting_20260819_123222_003,modular,greeting,lifecycle_deactivation,phase,hri_challenge_master,1787135587112577387,1787135587745875338,633.297951,5.375565610859728,17.64705882352941,68.0109375,68.0546875,40.71875,40.71875,,laptop_battery_total:BAT1,2,13,5,true
phase_modular_greeting_20260819_123222_003,modular,greeting,lifecycle_deactivation,phase,total_measured_processes,1787135587112577387,1787135587745875338,633.297951,43.44294782883045,70.58823529411765,283.078125,283.1015625,181.76953125,181.76953125,19.306875308542658,laptop_battery_total:BAT1,4,38,5,true
phase_modular_greeting_20260819_123222_003,modular,greeting,pre_execution,comparable,cognitive_module,1787135547269374608,1787135551806068030,4536.693422,23.8336847763588,114.28571428571428,141.040625,192.8046875,77.1517333984375,117.7099609375,,laptop_battery_total:BAT1,2,25,40,true
phase_modular_greeting_20260819_123222_003,modular,greeting,pre_execution,comparable,hri_challenge_master,1787135547269374608,1787135551806068030,4536.693422,6.729550261033782,27.480916030534353,63.7728515625,67.16015625,36.1624755859375,39.5166015625,,laptop_battery_total:BAT1,2,13,40,true
phase_modular_greeting_20260819_123222_003,modular,greeting,pre_execution,comparable,total_measured_processes,1787135547269374608,1787135551806068030,4536.693422,30.563235037392587,131.38686131386862,204.8134765625,259.96484375,113.314208984375,157.2265625,188.65092883281613,laptop_battery_total:BAT1,4,38,40,true
phase_modular_greeting_20260819_123222_003,modular,greeting,e2e_active,e2e,cognitive_module,1787135547269374608,1787135587745875338,40476.50073,9.908509854116016,114.28571428571428,203.57914545294943,215.125,130.52879213483146,141.05078125,,laptop_battery_total:BAT1,2,27,356,true
phase_modular_greeting_20260819_123222_003,modular,greeting,e2e_active,e2e,hri_challenge_master,1787135547269374608,1787135587745875338,40476.50073,1.6880386133358094,27.480916030534353,67.12940001755618,68.0546875,39.81643916783708,40.71875,,laptop_battery_total:BAT1,2,13,356,true
phase_modular_greeting_20260819_123222_003,modular,greeting,e2e_active,e2e,total_measured_processes,1787135547269374608,1787135587745875338,40476.50073,11.596548467451827,131.38686131386862,270.7085454705056,283.1015625,170.34523130266854,181.76953125,1691.1360381845916,laptop_battery_total:BAT1,4,40,356,true
phase_modular_greeting_20260819_123222_003,modular,greeting,e2e_capability,e2e,cognitive_module,1787135551806068030,1787135587112577387,35306.509357,7.664775581739873,52.74725274725275,211.43798985128618,215.0,137.22484488042605,141.0458984375,,laptop_battery_total:BAT1,2,27,311,true
phase_modular_greeting_20260819_123222_003,modular,greeting,e2e_capability,e2e,hri_challenge_master,1787135551806068030,1787135587112577387,35306.509357,0.9803276779803789,18.6046511627907,67.54693780144694,67.95703125,40.27189572447749,40.69140625,,laptop_battery_total:BAT1,2,13,311,true
phase_modular_greeting_20260819_123222_003,modular,greeting,e2e_capability,e2e,total_measured_processes,1787135551806068030,1787135587112577387,35306.509357,8.645103259720257,70.32967032967034,278.9849276527331,282.95703125,177.49674060490355,181.7373046875,1473.7257296960306,laptop_battery_total:BAT1,4,40,311,true
phase_modular_greeting_20260819_123222_003,modular,greeting,e2e_with_modular_idle,e2e,cognitive_module,1787135544253959191,1787135587745875338,43491.916147,9.56354857461717,114.28571428571428,193.3549893929504,215.125,123.41884332163838,141.05078125,,laptop_battery_total:BAT1,2,27,383,true
phase_modular_greeting_20260819_123222_003,modular,greeting,e2e_with_modular_idle,e2e,hri_challenge_master,1787135544253959191,1787135587745875338,43491.916147,1.8294927698709469,27.480916030534353,66.50787369451697,68.0546875,39.16349900048956,40.71875,,laptop_battery_total:BAT1,2,13,383,true
phase_modular_greeting_20260819_123222_003,modular,greeting,e2e_with_modular_idle,e2e,total_measured_processes,1787135544253959191,1787135587745875338,43491.916147,11.393041344488113,131.38686131386862,259.86286308746736,283.1015625,162.58234232212794,181.76953125,1819.4456020577818,laptop_battery_total:BAT1,4,40,383,true
phase_modular_greeting_20260819_123309_004,modular,greeting,modular_idle_footprint,phase,cognitive_module,1787135591902927155,1787135594917932520,3015.005365,5.353854647251473,18.532818532818535,58.312210648148145,60.05078125,29.943359375,31.244140625,,laptop_battery_total:BAT1,2,12,27,true
phase_modular_greeting_20260819_123309_004,modular,greeting,modular_idle_footprint,phase,hri_challenge_master,1787135591902927155,1787135594917932520,3015.005365,4.661469733461958,18.250950570342205,57.95109953703704,59.68359375,30.800455729166668,32.0751953125,,laptop_battery_total:BAT1,2,12,27,true
phase_modular_greeting_20260819_123309_004,modular,greeting,modular_idle_footprint,phase,total_measured_processes,1787135591902927155,1787135594917932520,3015.005365,10.015324380713432,27.376425855513308,116.26331018518519,119.734375,60.743815104166664,63.3193359375,122.37455941861481,laptop_battery_total:BAT1,4,24,27,true
phase_modular_greeting_20260819_123309_004,modular,greeting,lifecycle_activation,phase,cognitive_module,1787135598960134720,1787135599740604234,780.469514,55.044675397105706,90.22556390977444,191.1640625,193.10546875,116.80650111607143,117.9013671875,,laptop_battery_total:BAT1,2,25,7,true
phase_modular_greeting_20260819_123309_004,modular,greeting,lifecycle_activation,phase,hri_challenge_master,1787135598960134720,1787135599740604234,780.469514,8.708727528213748,16.842105263157894,66.42912946428571,66.77734375,39.262416294642854,39.4423828125,,laptop_battery_total:BAT1,2,13,7,true
phase_modular_greeting_20260819_123309_004,modular,greeting,lifecycle_activation,phase,total_measured_processes,1787135598960134720,1787135599740604234,780.469514,63.75340292531945,99.24812030075188,257.5931919642857,259.8828125,156.06891741071428,157.34375,29.540275366733113,laptop_battery_total:BAT1,4,38,7,true
phase_modular_greeting_20260819_123309_004,modular,greeting,initialization,phase,total_measured_processes,1787135599740604234,1787135599742606388,2.002154,,,,,,,,laptop_battery_total:BAT1,0,0,0,false
phase_modular_greeting_20260819_123309_004,modular,greeting,execution,phase,cognitive_module,1787135599742606388,1787135632437903994,32695.297606,8.220621621960232,35.687732342007436,211.86356608072916,215.2890625,137.98440551757812,141.640625,,laptop_battery_total:BAT1,2,27,288,true
phase_modular_greeting_20260819_123309_004,modular,greeting,execution,phase,hri_challenge_master,1787135599742606388,1787135632437903994,32695.297606,1.0281362355709802,18.250950570342205,67.10614691840277,67.40234375,40.21221245659722,40.51953125,,laptop_battery_total:BAT1,2,13,288,true
phase_modular_greeting_20260819_123309_004,modular,greeting,execution,phase,total_measured_processes,1787135599742606388,1787135632437903994,32695.297606,9.248757857531206,45.627376425855516,278.96971299913196,282.69140625,178.19661797417535,182.16015625,1372.7393971268139,laptop_battery_total:BAT1,4,40,288,true
phase_modular_greeting_20260819_123309_004,modular,greeting,completion_propagation,phase,total_measured_processes,1787135632437903994,1787135632439557412,1.653418,,,,,,,,laptop_battery_total:BAT1,0,0,0,false
phase_modular_greeting_20260819_123309_004,modular,greeting,lifecycle_deactivation,phase,cognitive_module,1787135632439557412,1787135633111284259,671.726847,39.998138125324246,55.38461538461539,215.30078125,215.35546875,141.59537760416666,141.640625,,laptop_battery_total:BAT1,2,26,6,true
phase_modular_greeting_20260819_123309_004,modular,greeting,lifecycle_deactivation,phase,hri_challenge_master,1787135632439557412,1787135633111284259,671.726847,7.375782112624218,16.842105263157894,67.466796875,67.53125,40.55078125,40.61328125,,laptop_battery_total:BAT1,2,13,6,true
phase_modular_greeting_20260819_123309_004,modular,greeting,lifecycle_deactivation,phase,total_measured_processes,1787135632439557412,1787135633111284259,671.726847,47.37392023794846,64.61538461538461,282.767578125,282.8046875,182.14615885416666,182.16015625,24.413637820180156,laptop_battery_total:BAT1,4,39,6,true
phase_modular_greeting_20260819_123309_004,modular,greeting,pre_execution,comparable,cognitive_module,1787135594917932520,1787135599742606388,4824.673868,26.788049810088374,114.28571428571428,141.02591463414635,193.10546875,78.1643006859756,117.9013671875,,laptop_battery_total:BAT1,2,25,41,true
phase_modular_greeting_20260819_123309_004,modular,greeting,pre_execution,comparable,hri_challenge_master,1787135594917932520,1787135599742606388,4824.673868,7.690854683512376,27.586206896551722,63.493330792682926,66.77734375,36.089462652439025,39.4423828125,,laptop_battery_total:BAT1,2,13,41,true
phase_modular_greeting_20260819_123309_004,modular,greeting,pre_execution,comparable,total_measured_processes,1787135594917932520,1787135599742606388,4824.673868,34.47890449360076,137.9310344827586,204.51924542682926,259.8828125,114.25376333841463,157.34375,198.53808228014168,laptop_battery_total:BAT1,4,38,41,true
phase_modular_greeting_20260819_123309_004,modular,greeting,e2e_active,e2e,cognitive_module,1787135594917932520,1787135633111284259,38193.351739,11.062202680866012,114.28571428571428,203.25544542910447,215.35546875,130.7278130830224,141.640625,,laptop_battery_total:BAT1,2,27,335,true
phase_modular_greeting_20260819_123309_004,modular,greeting,e2e_active,e2e,hri_challenge_master,1787135594917932520,1787135633111284259,38193.351739,1.9572625986393883,27.586206896551722,66.67044076492537,67.53125,39.7137010261194,40.61328125,,laptop_battery_total:BAT1,2,13,335,true
phase_modular_greeting_20260819_123309_004,modular,greeting,e2e_active,e2e,total_measured_processes,1787135594917932520,1787135633111284259,38193.351739,13.019465279505404,137.9310344827586,269.92588619402983,282.8046875,170.4415141091418,182.16015625,1605.2767436212962,laptop_battery_total:BAT1,4,40,335,true
phase_modular_greeting_20260819_123309_004,modular,greeting,e2e_capability,e2e,cognitive_module,1787135599742606388,1787135632439557412,32696.951024,8.220621621960232,35.687732342007436,211.86356608072916,215.2890625,137.98440551757812,141.640625,,laptop_battery_total:BAT1,2,27,288,true
phase_modular_greeting_20260819_123309_004,modular,greeting,e2e_capability,e2e,hri_challenge_master,1787135599742606388,1787135632439557412,32696.951024,1.0281362355709802,18.250950570342205,67.10614691840277,67.40234375,40.21221245659722,40.51953125,,laptop_battery_total:BAT1,2,13,288,true
phase_modular_greeting_20260819_123309_004,modular,greeting,e2e_capability,e2e,total_measured_processes,1787135599742606388,1787135632439557412,32696.951024,9.248757857531206,45.627376425855516,278.96971299913196,282.69140625,178.19661797417535,182.16015625,1372.7393971268139,laptop_battery_total:BAT1,4,40,288,true
phase_modular_greeting_20260819_123309_004,modular,greeting,e2e_with_modular_idle,e2e,cognitive_module,1787135591902927155,1787135633111284259,41208.357104,10.636441915927913,114.28571428571428,192.44476217196132,215.35546875,123.21074056888813,141.640625,,laptop_battery_total:BAT1,2,27,362,true
phase_modular_greeting_20260819_123309_004,modular,greeting,e2e_with_modular_idle,e2e,hri_challenge_master,1787135591902927155,1787135633111284259,41208.357104,2.1589576059327857,27.586206896551722,66.0201031595304,67.53125,39.04890096253453,40.61328125,,laptop_battery_total:BAT1,2,13,362,true
phase_modular_greeting_20260819_123309_004,modular,greeting,e2e_with_modular_idle,e2e,total_measured_processes,1787135591902927155,1787135633111284259,41208.357104,12.795399521860691,137.9310344827586,258.4648653314917,282.8046875,162.25964153142266,182.16015625,1732.489349995656,laptop_battery_total:BAT1,4,40,362,true
phase_modular_greeting_20260819_123355_002,modular,greeting,modular_idle_footprint,phase,cognitive_module,1787135637147928763,1787135640164952091,3017.023328,6.573270316660262,18.3206106870229,59.13512731481482,61.4765625,30.447916666666668,32.05078125,,laptop_battery_total:BAT1,2,12,27,true
phase_modular_greeting_20260819_123355_002,modular,greeting,modular_idle_footprint,phase,hri_challenge_master,1787135637147928763,1787135640164952091,3017.023328,6.571485712245862,17.51824817518248,59.690682870370374,62.1640625,32.024088541666664,33.904296875,,laptop_battery_total:BAT1,2,12,27,true
phase_modular_greeting_20260819_123355_002,modular,greeting,modular_idle_footprint,phase,total_measured_processes,1787135637147928763,1787135640164952091,3017.023328,13.144756028906123,27.48091603053435,118.82581018518519,123.640625,62.472005208333336,65.955078125,125.3857651024191,laptop_battery_total:BAT1,4,24,27,true
phase_modular_greeting_20260819_123355_002,modular,greeting,lifecycle_activation,phase,cognitive_module,1787135644127894013,1787135644881765961,753.871948,54.319795791011636,96.70329670329672,191.38337053571428,194.41015625,116.94935825892857,118.1337890625,,laptop_battery_total:BAT1,2,25,7,true
phase_modular_greeting_20260819_123355_002,modular,greeting,lifecycle_activation,phase,hri_challenge_master,1787135644127894013,1787135644881765961,753.871948,6.286361317446591,8.921933085501859,67.70870535714286,68.0625,40.23828125,40.416015625,,laptop_battery_total:BAT1,2,13,7,true
phase_modular_greeting_20260819_123355_002,modular,greeting,lifecycle_activation,phase,total_measured_processes,1787135644127894013,1787135644881765961,753.871948,60.60615710845823,105.4945054945055,259.09207589285717,262.47265625,157.18763950892858,158.5498046875,29.384643713903642,laptop_battery_total:BAT1,4,38,7,true
phase_modular_greeting_20260819_123355_002,modular,greeting,initialization,phase,total_measured_processes,1787135644881765961,1787135644884044353,2.278392,,,,,,,,laptop_battery_total:BAT1,0,0,0,false
phase_modular_greeting_20260819_123355_002,modular,greeting,execution,phase,cognitive_module,1787135644884044353,1787135677427262691,32543.218338,7.625565048840735,44.11764705882353,207.4833950348432,211.9296875,133.71328533318814,138.2080078125,,laptop_battery_total:BAT1,2,27,287,true
phase_modular_greeting_20260819_123355_002,modular,greeting,execution,phase,hri_challenge_master,1787135644884044353,1787135677427262691,32543.218338,1.1469506563536724,17.142857142857142,68.40434451219512,68.67578125,41.199569223649824,41.4736328125,,laptop_battery_total:BAT1,2,13,287,true
phase_modular_greeting_20260819_123355_002,modular,greeting,execution,phase,total_measured_processes,1787135644884044353,1787135677427262691,32543.218338,8.772515705194401,60.0,275.88773954703834,280.16015625,174.91285455683797,179.244140625,1371.3411925641522,laptop_battery_total:BAT1,4,40,287,true
phase_modular_greeting_20260819_123355_002,modular,greeting,completion_propagation,phase,total_measured_processes,1787135677427262691,1787135677428618821,1.35613,,,,,,,,laptop_battery_total:BAT1,0,0,0,false
phase_modular_greeting_20260819_123355_002,modular,greeting,lifecycle_deactivation,phase,cognitive_module,1787135677428618821,1787135678069732022,641.113201,37.391999676902685,45.627376425855516,207.41328125,208.0703125,136.8837890625,136.8837890625,,laptop_battery_total:BAT1,2,25,5,true
phase_modular_greeting_20260819_123355_002,modular,greeting,lifecycle_deactivation,phase,hri_challenge_master,1787135677428618821,1787135678069732022,641.113201,7.115894085187574,18.250950570342205,68.75078125,68.8046875,41.4736328125,41.4736328125,,laptop_battery_total:BAT1,2,13,5,true
phase_modular_greeting_20260819_123355_002,modular,greeting,lifecycle_deactivation,phase,total_measured_processes,1787135677428618821,1787135678069732022,641.113201,44.50789376209026,51.985559566787,276.1640625,276.875,178.357421875,178.357421875,19.178340573354944,laptop_battery_total:BAT1,4,38,5,true
phase_modular_greeting_20260819_123355_002,modular,greeting,pre_execution,comparable,cognitive_module,1787135640164952091,1787135644884044353,4719.092262,24.9173529081152,127.75665399239541,140.6113757621951,194.41015625,79.36866425304878,118.1337890625,,laptop_battery_total:BAT1,2,25,41,true
phase_modular_greeting_20260819_123355_002,modular,greeting,pre_execution,comparable,hri_challenge_master,1787135640164952091,1787135644884044353,4719.092262,6.898514276574472,18.972332015810274,65.8313643292683,68.0625,38.14950933689025,40.416015625,,laptop_battery_total:BAT1,2,13,41,true
phase_modular_greeting_20260819_123355_002,modular,greeting,pre_execution,comparable,total_measured_processes,1787135640164952091,1787135644884044353,4719.092262,31.81586718468967,136.88212927756652,206.4427400914634,262.47265625,117.51817358993902,158.5498046875,195.3324687170134,laptop_battery_total:BAT1,4,38,41,true
phase_modular_greeting_20260819_123355_002,modular,greeting,e2e_active,e2e,cognitive_module,1787135640164952091,1787135678069732022,37904.779931,10.201527437340902,127.75665399239541,199.2488504129129,211.9296875,127.06981102195945,138.2080078125,,laptop_battery_total:BAT1,2,27,333,true
phase_modular_greeting_20260819_123355_002,modular,greeting,e2e_active,e2e,hri_challenge_master,1787135640164952091,1787135678069732022,37904.779931,1.944724907324311,18.972332015810274,68.09275290915916,68.8046875,40.82815139358108,41.4736328125,,laptop_battery_total:BAT1,2,13,333,true
phase_modular_greeting_20260819_123355_002,modular,greeting,e2e_active,e2e,total_measured_processes,1787135640164952091,1787135678069732022,37904.779931,12.146252344665207,136.88212927756652,267.34160332207205,280.16015625,167.89796241554055,179.244140625,1595.6051786675089,laptop_battery_total:BAT1,4,40,333,true
phase_modular_greeting_20260819_123355_002,modular,greeting,e2e_capability,e2e,cognitive_module,1787135644884044353,1787135677428618821,32544.574468,7.625565048840735,44.11764705882353,207.4833950348432,211.9296875,133.71328533318814,138.2080078125,,laptop_battery_total:BAT1,2,27,287,true
phase_modular_greeting_20260819_123355_002,modular,greeting,e2e_capability,e2e,hri_challenge_master,1787135644884044353,1787135677428618821,32544.574468,1.1469506563536724,17.142857142857142,68.40434451219512,68.67578125,41.199569223649824,41.4736328125,,laptop_battery_total:BAT1,2,13,287,true
phase_modular_greeting_20260819_123355_002,modular,greeting,e2e_capability,e2e,total_measured_processes,1787135644884044353,1787135677428618821,32544.574468,8.772515705194401,60.0,275.88773954703834,280.16015625,174.91285455683797,179.244140625,1371.3411925641522,laptop_battery_total:BAT1,4,40,287,true
phase_modular_greeting_20260819_123355_002,modular,greeting,e2e_with_modular_idle,e2e,cognitive_module,1787135637147928763,1787135678069732022,40921.803259,9.92940815328985,127.75665399239541,188.74032118055555,211.9296875,119.8231689453125,138.2080078125,,laptop_battery_total:BAT1,2,27,360,true
phase_modular_greeting_20260819_123355_002,modular,greeting,e2e_with_modular_idle,e2e,hri_challenge_master,1787135637147928763,1787135678069732022,40921.803259,2.2917319676934267,18.972332015810274,67.46259765625,68.8046875,40.1678466796875,41.4736328125,,laptop_battery_total:BAT1,2,13,360,true
phase_modular_greeting_20260819_123355_002,modular,greeting,e2e_with_modular_idle,e2e,total_measured_processes,1787135637147928763,1787135678069732022,40921.803259,12.221140120983275,136.88212927756652,256.20291883680557,280.16015625,159.991015625,179.244140625,1725.8156921058508,laptop_battery_total:BAT1,4,40,360,true
phase_bt_greeting_20260819_123440_009,bt,greeting,bt_setup_pre_execution,phase,bt_executor,1787135680068365028,1787135684399145469,4330.780441,21.873078014436192,118.63117870722432,177.73938301282053,201.20703125,93.74286358173077,122.8603515625,,laptop_battery_total:BAT1,2,25,39,true
phase_bt_greeting_20260819_123440_009,bt,greeting,bt_setup_pre_execution,phase,total_measured_processes,1787135680068365028,1787135684399145469,4330.780441,21.873078014436192,118.63117870722432,177.73938301282053,201.20703125,93.74286358173077,122.8603515625,179.94695566099108,laptop_battery_total:BAT1,2,25,39,true
phase_bt_greeting_20260819_123440_009,bt,greeting,execution,phase,bt_executor,1787135684399145469,1787135716785771365,32386.625896,7.743625552885583,45.28301886792453,226.79640028211804,230.55078125,153.270748562283,157.61328125,,laptop_battery_total:BAT1,2,26,288,true
phase_bt_greeting_20260819_123440_009,bt,greeting,execution,phase,total_measured_processes,1787135684399145469,1787135716785771365,32386.625896,7.743625552885583,45.28301886792453,226.79640028211804,230.55078125,153.270748562283,157.61328125,1360.3024555541451,laptop_battery_total:BAT1,2,26,288,true
phase_bt_greeting_20260819_123440_009,bt,greeting,completion_propagation,phase,total_measured_processes,1787135716785771365,1787135716785872395,0.10103,,,,,,,,laptop_battery_total:BAT1,0,0,0,false
phase_bt_greeting_20260819_123440_009,bt,greeting,post_completion,phase,total_measured_processes,1787135716785872395,1787135716785884828,0.012433,,,,,,,,laptop_battery_total:BAT1,0,0,0,false
phase_bt_greeting_20260819_123440_009,bt,greeting,pre_execution,comparable,bt_executor,1787135680068365028,1787135684399145469,4330.780441,21.873078014436192,118.63117870722432,177.73938301282053,201.20703125,93.74286358173077,122.8603515625,,laptop_battery_total:BAT1,2,25,39,true
phase_bt_greeting_20260819_123440_009,bt,greeting,pre_execution,comparable,total_measured_processes,1787135680068365028,1787135684399145469,4330.780441,21.873078014436192,118.63117870722432,177.73938301282053,201.20703125,93.74286358173077,122.8603515625,179.94695566099108,laptop_battery_total:BAT1,2,25,39,true
phase_bt_greeting_20260819_123440_009,bt,greeting,e2e_active,e2e,bt_executor,1787135680068365028,1787135716785884828,36717.5198,9.428789607932886,118.63117870722432,220.94556336009174,230.55078125,146.17109255542815,157.61328125,,laptop_battery_total:BAT1,2,26,327,true
phase_bt_greeting_20260819_123440_009,bt,greeting,e2e_active,e2e,total_measured_processes,1787135680068365028,1787135716785884828,36717.5198,9.428789607932886,118.63117870722432,220.94556336009174,230.55078125,146.17109255542815,157.61328125,1545.0837042345665,laptop_battery_total:BAT1,2,26,327,true
phase_bt_greeting_20260819_123440_009,bt,greeting,e2e_capability,e2e,bt_executor,1787135684399145469,1787135716785872395,32386.726926,7.743625552885583,45.28301886792453,226.79640028211804,230.55078125,153.270748562283,157.61328125,,laptop_battery_total:BAT1,2,26,288,true
phase_bt_greeting_20260819_123440_009,bt,greeting,e2e_capability,e2e,total_measured_processes,1787135684399145469,1787135716785872395,32386.726926,7.743625552885583,45.28301886792453,226.79640028211804,230.55078125,153.270748562283,157.61328125,1360.3024555541451,laptop_battery_total:BAT1,2,26,288,true
phase_bt_greeting_20260819_123517_008,bt,greeting,bt_setup_pre_execution,phase,bt_executor,1787135717865440003,1787135724623290567,6757.850564,19.18974869970254,143.28358208955223,184.44326331967213,206.35546875,104.88146772540983,125.4111328125,,laptop_battery_total:BAT1,2,25,61,true
phase_bt_greeting_20260819_123517_008,bt,greeting,bt_setup_pre_execution,phase,total_measured_processes,1787135717865440003,1787135724623290567,6757.850564,19.18974869970254,143.28358208955223,184.44326331967213,206.35546875,104.88146772540983,125.4111328125,283.92800131942204,laptop_battery_total:BAT1,2,25,61,true
phase_bt_greeting_20260819_123517_008,bt,greeting,execution,phase,bt_executor,1787135724623290567,1787135765057301489,40434.010922,7.114981408507886,36.09022556390977,225.3485811281337,228.0234375,152.21299671396238,154.982421875,,laptop_battery_total:BAT1,2,26,359,true
phase_bt_greeting_20260819_123517_008,bt,greeting,execution,phase,total_measured_processes,1787135724623290567,1787135765057301489,40434.010922,7.114981408507886,36.09022556390977,225.3485811281337,228.0234375,152.21299671396238,154.982421875,1681.0643841110577,laptop_battery_total:BAT1,2,26,359,true
phase_bt_greeting_20260819_123517_008,bt,greeting,completion_propagation,phase,total_measured_processes,1787135765057301489,1787135765057437554,0.136065,,,,,,,,laptop_battery_total:BAT1,0,0,0,false
phase_bt_greeting_20260819_123517_008,bt,greeting,post_completion,phase,total_measured_processes,1787135765057437554,1787135765057455057,0.017503,,,,,,,,laptop_battery_total:BAT1,0,0,0,false
phase_bt_greeting_20260819_123517_008,bt,greeting,pre_execution,comparable,bt_executor,1787135717865440003,1787135724623290567,6757.850564,19.18974869970254,143.28358208955223,184.44326331967213,206.35546875,104.88146772540983,125.4111328125,,laptop_battery_total:BAT1,2,25,61,true
phase_bt_greeting_20260819_123517_008,bt,greeting,pre_execution,comparable,total_measured_processes,1787135717865440003,1787135724623290567,6757.850564,19.18974869970254,143.28358208955223,184.44326331967213,206.35546875,104.88146772540983,125.4111328125,283.92800131942204,laptop_battery_total:BAT1,2,25,61,true
phase_bt_greeting_20260819_123517_008,bt,greeting,e2e_active,e2e,bt_executor,1787135717865440003,1787135765057455057,47192.015054,8.868697610324238,143.28358208955223,219.40757068452382,228.0234375,145.33865559895833,154.982421875,,laptop_battery_total:BAT1,2,26,420,true
phase_bt_greeting_20260819_123517_008,bt,greeting,e2e_active,e2e,total_measured_processes,1787135717865440003,1787135765057455057,47192.015054,8.868697610324238,143.28358208955223,219.40757068452382,228.0234375,145.33865559895833,154.982421875,1969.6949053472927,laptop_battery_total:BAT1,2,26,420,true
phase_bt_greeting_20260819_123517_008,bt,greeting,e2e_capability,e2e,bt_executor,1787135724623290567,1787135765057437554,40434.146987,7.114981408507886,36.09022556390977,225.3485811281337,228.0234375,152.21299671396238,154.982421875,,laptop_battery_total:BAT1,2,26,359,true
phase_bt_greeting_20260819_123517_008,bt,greeting,e2e_capability,e2e,total_measured_processes,1787135724623290567,1787135765057437554,40434.146987,7.114981408507886,36.09022556390977,225.3485811281337,228.0234375,152.21299671396238,154.982421875,1681.0643841110577,laptop_battery_total:BAT1,2,26,359,true
phase_modular_greeting_20260819_123606_001,modular,greeting,modular_idle_footprint,phase,cognitive_module,1787135768290880634,1787135771304953255,3014.072621,4.339016429634306,18.045112781954884,58.60590277777778,59.87109375,29.732096354166668,30.9287109375,,laptop_battery_total:BAT1,2,12,27,true
phase_modular_greeting_20260819_123606_001,modular,greeting,modular_idle_footprint,phase,hri_challenge_master,1787135768290880634,1787135771304953255,3014.072621,3.99558351745851,18.181818181818183,58.471932870370374,59.7421875,30.577799479166668,31.7900390625,,laptop_battery_total:BAT1,2,12,27,true
phase_modular_greeting_20260819_123606_001,modular,greeting,modular_idle_footprint,phase,total_measured_processes,1787135768290880634,1787135771304953255,3014.072621,8.334599947092816,27.067669172932327,117.07783564814815,119.61328125,60.309895833333336,62.71875,121.9360966092936,laptop_battery_total:BAT1,4,24,27,true
phase_modular_greeting_20260819_123606_001,modular,greeting,lifecycle_activation,phase,cognitive_module,1787135775111684093,1787135775786507751,674.823658,54.72901975024866,83.07692307692308,190.646484375,192.8359375,115.9013671875,118.08203125,,laptop_battery_total:BAT1,2,25,6,true
phase_modular_greeting_20260819_123606_001,modular,greeting,lifecycle_activation,phase,hri_challenge_master,1787135775111684093,1787135775786507751,674.823658,7.463685702684553,18.461538461538463,67.01822916666667,67.35546875,39.21484375,39.646484375,,laptop_battery_total:BAT1,2,13,6,true
phase_modular_greeting_20260819_123606_001,modular,greeting,lifecycle_activation,phase,total_measured_processes,1787135775111684093,1787135775786507751,674.823658,62.19270545293321,101.53846153846155,257.6647135416667,260.19140625,155.1162109375,157.728515625,23.80418077918148,laptop_battery_total:BAT1,4,38,6,true
phase_modular_greeting_20260819_123606_001,modular,greeting,initialization,phase,total_measured_processes,1787135775786507751,1787135775789124580,2.616829,,,,,,,,laptop_battery_total:BAT1,0,0,0,false
phase_modular_greeting_20260819_123606_001,modular,greeting,execution,phase,cognitive_module,1787135775789124580,1787135814472210980,38683.0864,7.400393630282001,55.38461538461539,208.63796737536657,213.69140625,134.6735847003299,139.7841796875,,laptop_battery_total:BAT1,2,27,341,true
phase_modular_greeting_20260819_123606_001,modular,greeting,execution,phase,hri_challenge_master,1787135775789124580,1787135814472210980,38683.0864,1.0986763953489707,18.045112781954884,67.78162802419355,68.140625,40.307038695931084,40.671875,,laptop_battery_total:BAT1,2,13,341,true
phase_modular_greeting_20260819_123606_001,modular,greeting,execution,phase,total_measured_processes,1787135775789124580,1787135814472210980,38683.0864,8.499070025630967,64.61538461538461,276.41959539956014,281.703125,174.980623396261,180.3193359375,1609.4313741516162,laptop_battery_total:BAT1,4,40,341,true
phase_modular_greeting_20260819_123606_001,modular,greeting,completion_propagation,phase,total_measured_processes,1787135814472210980,1787135814473823380,1.6124,,,,,,,,laptop_battery_total:BAT1,0,0,0,false
phase_modular_greeting_20260819_123606_001,modular,greeting,lifecycle_deactivation,phase,cognitive_module,1787135814473823380,1787135815094412212,620.588832,39.873421905305335,53.93258426966292,212.3578125,212.41796875,138.5068359375,138.5068359375,,laptop_battery_total:BAT1,2,25,5,true
phase_modular_greeting_20260819_123606_001,modular,greeting,lifecycle_deactivation,phase,hri_challenge_master,1787135814473823380,1787135815094412212,620.588832,5.532595828060579,9.411764705882353,68.20078125,68.25390625,40.671875,40.671875,,laptop_battery_total:BAT1,2,13,5,true
phase_modular_greeting_20260819_123606_001,modular,greeting,lifecycle_deactivation,phase,total_measured_processes,1787135814473823380,1787135815094412212,620.588832,45.406017733365914,53.93258426966292,280.55859375,280.59375,179.1787109375,179.1787109375,18.88020075786335,laptop_battery_total:BAT1,4,38,5,true
phase_modular_greeting_20260819_123606_001,modular,greeting,pre_execution,comparable,cognitive_module,1787135771304953255,1787135775789124580,4484.171325,23.846646414002468,126.7924528301887,138.28535657051282,192.8359375,76.14603365384616,118.08203125,,laptop_battery_total:BAT1,2,25,39,true
phase_modular_greeting_20260819_123606_001,modular,greeting,pre_execution,comparable,hri_challenge_master,1787135771304953255,1787135775789124580,4484.171325,7.512602558506137,26.865671641791046,63.98507612179487,67.35546875,36.06482872596154,39.646484375,,laptop_battery_total:BAT1,2,13,39,true
phase_modular_greeting_20260819_123606_001,modular,greeting,pre_execution,comparable,total_measured_processes,1787135771304953255,1787135775789124580,4484.171325,31.359248972508595,144.90566037735852,202.27043269230768,260.19140625,112.2108623798077,157.728515625,181.9439309944355,laptop_battery_total:BAT1,4,38,39,true
phase_modular_greeting_20260819_123606_001,modular,greeting,e2e_active,e2e,cognitive_module,1787135771304953255,1787135815094412212,43789.458957,9.48810531843839,126.7924528301887,201.5596489448052,213.69140625,128.79460227272727,139.7841796875,,laptop_battery_total:BAT1,2,27,385,true
phase_modular_greeting_20260819_123606_001,modular,greeting,e2e_active,e2e,hri_challenge_master,1787135771304953255,1787135815094412212,43789.458957,1.8059821551585493,26.865671641791046,67.40248579545455,68.25390625,39.882046469155846,40.671875,,laptop_battery_total:BAT1,2,13,385,true
phase_modular_greeting_20260819_123606_001,modular,greeting,e2e_active,e2e,total_measured_processes,1787135771304953255,1787135815094412212,43789.458957,11.29408747359693,144.90566037735852,268.9621347402597,281.703125,168.67664874188313,180.3193359375,1819.8378417401182,laptop_battery_total:BAT1,4,40,385,true
phase_modular_greeting_20260819_123606_001,modular,greeting,e2e_capability,e2e,cognitive_module,1787135775789124580,1787135814473823380,38684.6988,7.400393630282001,55.38461538461539,208.63796737536657,213.69140625,134.6735847003299,139.7841796875,,laptop_battery_total:BAT1,2,27,341,true
phase_modular_greeting_20260819_123606_001,modular,greeting,e2e_capability,e2e,hri_challenge_master,1787135775789124580,1787135814473823380,38684.6988,1.0986763953489707,18.045112781954884,67.78162802419355,68.140625,40.307038695931084,40.671875,,laptop_battery_total:BAT1,2,13,341,true
phase_modular_greeting_20260819_123606_001,modular,greeting,e2e_capability,e2e,total_measured_processes,1787135775789124580,1787135814473823380,38684.6988,8.499070025630967,64.61538461538461,276.41959539956014,281.703125,174.980623396261,180.3193359375,1609.4313741516162,laptop_battery_total:BAT1,4,40,341,true
phase_modular_greeting_20260819_123606_001,modular,greeting,e2e_with_modular_idle,e2e,cognitive_module,1787135768290880634,1787135815094412212,46803.531578,9.150665027181807,126.7924528301887,192.19132091929612,213.69140625,122.30264193340413,139.7841796875,,laptop_battery_total:BAT1,2,27,412,true
phase_modular_greeting_20260819_123606_001,modular,greeting,e2e_with_modular_idle,e2e,hri_challenge_master,1787135768290880634,1787135815094412212,46803.531578,1.9494754483189836,26.865671641791046,66.81723111347087,68.25390625,39.27230212757888,40.671875,,laptop_battery_total:BAT1,2,13,412,true
phase_modular_greeting_20260819_123606_001,modular,greeting,e2e_with_modular_idle,e2e,total_measured_processes,1787135768290880634,1787135815094412212,46803.531578,11.10014047550079,144.90566037735852,259.008552032767,281.703125,161.574944060983,180.3193359375,1946.771217420588,laptop_battery_total:BAT1,4,40,412,true
phase_bt_greeting_20260819_123657_004,bt,greeting,bt_setup_pre_execution,phase,bt_executor,1787135817375126856,1787135820321241144,2946.114288,29.913716758387764,134.32835820895522,167.26727764423077,198.328125,78.54518479567308,119.099609375,,laptop_battery_total:BAT1,2,25,26,true
phase_bt_greeting_20260819_123657_004,bt,greeting,bt_setup_pre_execution,phase,total_measured_processes,1787135817375126856,1787135820321241144,2946.114288,29.913716758387764,134.32835820895522,167.26727764423077,198.328125,78.54518479567308,119.099609375,119.72485885862261,laptop_battery_total:BAT1,2,25,26,true
phase_bt_greeting_20260819_123657_004,bt,greeting,execution,phase,bt_executor,1787135820321241144,1787135880057273148,59736.032004,7.505592439228413,84.80565371024736,225.93235554245283,230.2109375,152.92874594634435,157.404296875,,laptop_battery_total:BAT1,2,26,530,true
phase_bt_greeting_20260819_123657_004,bt,greeting,execution,phase,total_measured_processes,1787135820321241144,1787135880057273148,59736.032004,7.505592439228413,84.80565371024736,225.93235554245283,230.2109375,152.92874594634435,157.404296875,2486.267594147437,laptop_battery_total:BAT1,2,26,530,true
phase_bt_greeting_20260819_123657_004,bt,greeting,completion_propagation,phase,total_measured_processes,1787135880057273148,1787135880057407992,0.134844,,,,,,,,laptop_battery_total:BAT1,0,0,0,false
phase_bt_greeting_20260819_123657_004,bt,greeting,post_completion,phase,total_measured_processes,1787135880057407992,1787135880057427008,0.019016,,,,,,,,laptop_battery_total:BAT1,0,0,0,false
phase_bt_greeting_20260819_123657_004,bt,greeting,pre_execution,comparable,bt_executor,1787135817375126856,1787135820321241144,2946.114288,29.913716758387764,134.32835820895522,167.26727764423077,198.328125,78.54518479567308,119.099609375,,laptop_battery_total:BAT1,2,25,26,true
phase_bt_greeting_20260819_123657_004,bt,greeting,pre_execution,comparable,total_measured_processes,1787135817375126856,1787135820321241144,2946.114288,29.913716758387764,134.32835820895522,167.26727764423077,198.328125,78.54518479567308,119.099609375,119.72485885862261,laptop_battery_total:BAT1,2,25,26,true
phase_bt_greeting_20260819_123657_004,bt,greeting,e2e_active,e2e,bt_executor,1787135817375126856,1787135880057427008,62682.300152,8.553454367822201,134.32835820895522,223.18902456160072,230.2109375,149.4503779788669,157.404296875,,laptop_battery_total:BAT1,2,26,556,true
phase_bt_greeting_20260819_123657_004,bt,greeting,e2e_active,e2e,total_measured_processes,1787135817375126856,1787135880057427008,62682.300152,8.553454367822201,134.32835820895522,223.18902456160072,230.2109375,149.4503779788669,157.404296875,2611.0294729992747,laptop_battery_total:BAT1,2,26,556,true
phase_bt_greeting_20260819_123657_004,bt,greeting,e2e_capability,e2e,bt_executor,1787135820321241144,1787135880057407992,59736.166848,7.505592439228413,84.80565371024736,225.93235554245283,230.2109375,152.92874594634435,157.404296875,,laptop_battery_total:BAT1,2,26,530,true
phase_bt_greeting_20260819_123657_004,bt,greeting,e2e_capability,e2e,total_measured_processes,1787135820321241144,1787135880057407992,59736.166848,7.505592439228413,84.80565371024736,225.93235554245283,230.2109375,152.92874594634435,157.404296875,2486.267594147437,laptop_battery_total:BAT1,2,26,530,true
phase_modular_greeting_20260819_123801_005,modular,greeting,modular_idle_footprint,phase,cognitive_module,1787135883478115248,1787135886492936266,3014.821018,5.276333954282702,18.39080459770115,57.510995370370374,60.0546875,28.500651041666668,29.791015625,,laptop_battery_total:BAT1,2,12,27,true
phase_modular_greeting_20260819_123801_005,modular,greeting,modular_idle_footprint,phase,hri_challenge_master,1787135883478115248,1787135886492936266,3014.821018,5.3028983443118864,18.250950570342205,57.32624421296296,59.82421875,29.421549479166668,30.7236328125,,laptop_battery_total:BAT1,2,12,27,true
phase_modular_greeting_20260819_123801_005,modular,greeting,modular_idle_footprint,phase,total_measured_processes,1787135883478115248,1787135886492936266,3014.821018,10.57923229859459,35.95505617977528,114.83723958333333,119.87890625,57.922200520833336,60.5146484375,121.90474047565658,laptop_battery_total:BAT1,4,24,27,true
phase_modular_greeting_20260819_123801_005,modular,greeting,lifecycle_activation,phase,cognitive_module,1787135890355787715,1787135891020887395,665.09968,55.64305968218273,73.00380228136882,191.29752604166666,193.0,116.54654947916667,117.9736328125,,laptop_battery_total:BAT1,2,25,6,true
phase_modular_greeting_20260819_123801_005,modular,greeting,lifecycle_activation,phase,hri_challenge_master,1787135890355787715,1787135891020887395,665.09968,7.445713533780843,9.125475285171103,66.97265625,67.26953125,39.3759765625,39.6171875,,laptop_battery_total:BAT1,2,13,6,true
phase_modular_greeting_20260819_123801_005,modular,greeting,lifecycle_activation,phase,total_measured_processes,1787135890355787715,1787135891020887395,665.09968,63.088773215963585,82.12927756653993,258.2701822916667,260.26953125,155.92252604166666,157.5908203125,23.42559337950661,laptop_battery_total:BAT1,4,38,6,true
phase_modular_greeting_20260819_123801_005,modular,greeting,initialization,phase,total_measured_processes,1787135891020887395,1787135891025091768,4.204373,,,,,,,,laptop_battery_total:BAT1,0,0,0,false
phase_modular_greeting_20260819_123801_005,modular,greeting,execution,phase,cognitive_module,1787135891025091768,1787135948837010707,57811.918939,7.051748643094899,43.63636363636363,210.67753867878193,213.71875,136.71017006385068,139.4775390625,,laptop_battery_total:BAT1,2,27,509,true
phase_modular_greeting_20260819_123801_005,modular,greeting,execution,phase,hri_challenge_master,1787135891025091768,1787135948837010707,57811.918939,1.0311450134465452,18.250950570342205,67.79863242878193,68.125,40.48226646917976,40.8193359375,,laptop_battery_total:BAT1,2,13,509,true
phase_modular_greeting_20260819_123801_005,modular,greeting,execution,phase,total_measured_processes,1787135891025091768,1787135948837010707,57811.918939,8.082893656541442,52.36363636363636,278.47617110756386,281.5859375,177.19243653303045,180.24609375,2399.103038174537,laptop_battery_total:BAT1,4,40,509,true
phase_modular_greeting_20260819_123801_005,modular,greeting,completion_propagation,phase,total_measured_processes,1787135948837010707,1787135948838527254,1.516547,,,,,,,,laptop_battery_total:BAT1,0,0,0,false
phase_modular_greeting_20260819_123801_005,modular,greeting,lifecycle_deactivation,phase,cognitive_module,1787135948838527254,1787135949473765065,635.237811,36.60677481831769,56.25,212.4296875,212.9765625,138.97379557291666,139.0087890625,,laptop_battery_total:BAT1,2,26,6,true
phase_modular_greeting_20260819_123801_005,modular,greeting,lifecycle_deactivation,phase,hri_challenge_master,1787135948838527254,1787135949473765065,635.237811,6.074077201785323,9.375,68.12890625,68.12890625,40.822591145833336,40.8232421875,,laptop_battery_total:BAT1,2,13,6,true
phase_modular_greeting_20260819_123801_005,modular,greeting,lifecycle_deactivation,phase,total_measured_processes,1787135948838527254,1787135949473765065,635.237811,42.68085202010301,65.625,280.55859375,281.10546875,179.79638671875,179.828125,23.45367639653705,laptop_battery_total:BAT1,4,39,6,true
phase_modular_greeting_20260819_123801_005,modular,greeting,pre_execution,comparable,cognitive_module,1787135886492936266,1787135891025091768,4532.155502,23.40033097955753,112.23021582733814,139.83544921875,193.0,77.1438232421875,117.9736328125,,laptop_battery_total:BAT1,2,25,40,true
phase_modular_greeting_20260819_123801_005,modular,greeting,pre_execution,comparable,hri_challenge_master,1787135886492936266,1787135891025091768,4532.155502,7.97604944131226,27.27272727272727,63.98662109375,67.26953125,36.168359375,39.6171875,,laptop_battery_total:BAT1,2,13,40,true
phase_modular_greeting_20260819_123801_005,modular,greeting,pre_execution,comparable,total_measured_processes,1787135886492936266,1787135891025091768,4532.155502,31.376380420869786,127.27272727272727,203.8220703125,260.26953125,113.3121826171875,157.5908203125,186.68641687728086,laptop_battery_total:BAT1,4,38,40,true
phase_modular_greeting_20260819_123801_005,modular,greeting,e2e_active,e2e,cognitive_module,1787135886492936266,1787135949473765065,62980.828799,8.549538644013527,112.23021582733814,205.5907446509009,213.71875,132.44157164977477,139.4775390625,,laptop_battery_total:BAT1,2,27,555,true
phase_modular_greeting_20260819_123801_005,modular,greeting,e2e_active,e2e,hri_challenge_master,1787135886492936266,1787135949473765065,62980.828799,1.5861968517252143,27.27272727272727,67.5274634009009,68.12890625,40.175033431869366,40.8232421875,,laptop_battery_total:BAT1,2,13,555,true
phase_modular_greeting_20260819_123801_005,modular,greeting,e2e_active,e2e,total_measured_processes,1787135886492936266,1787135949473765065,62980.828799,10.135735495738743,127.27272727272727,273.1182080518018,281.5859375,172.61660508164414,180.24609375,2618.650376361569,laptop_battery_total:BAT1,4,40,555,true
phase_modular_greeting_20260819_123801_005,modular,greeting,e2e_capability,e2e,cognitive_module,1787135891025091768,1787135948838527254,57813.435486,7.051748643094899,43.63636363636363,210.67753867878193,213.71875,136.71017006385068,139.4775390625,,laptop_battery_total:BAT1,2,27,509,true
phase_modular_greeting_20260819_123801_005,modular,greeting,e2e_capability,e2e,hri_challenge_master,1787135891025091768,1787135948838527254,57813.435486,1.0311450134465452,18.250950570342205,67.79863242878193,68.125,40.48226646917976,40.8193359375,,laptop_battery_total:BAT1,2,13,509,true
phase_modular_greeting_20260819_123801_005,modular,greeting,e2e_capability,e2e,total_measured_processes,1787135891025091768,1787135948838527254,57813.435486,8.082893656541442,52.36363636363636,278.47617110756386,281.5859375,177.19243653303045,180.24609375,2399.103038174537,laptop_battery_total:BAT1,4,40,509,true
phase_modular_greeting_20260819_123801_005,modular,greeting,e2e_with_modular_idle,e2e,cognitive_module,1787135883478115248,1787135949473765065,65995.649817,8.39768894191261,112.23021582733814,198.721065560567,213.71875,127.61957017826461,139.4775390625,,laptop_battery_total:BAT1,2,27,582,true
phase_modular_greeting_20260819_123801_005,modular,greeting,e2e_with_modular_idle,e2e,hri_challenge_master,1787135883478115248,1787135949473765065,65995.649817,1.7586211477730493,27.27272727272727,67.05421096434708,68.12890625,39.67616046499141,40.8232421875,,laptop_battery_total:BAT1,2,13,582,true
phase_modular_greeting_20260819_123801_005,modular,greeting,e2e_with_modular_idle,e2e,total_measured_processes,1787135883478115248,1787135949473765065,65995.649817,10.156310089685668,127.27272727272727,265.7752765249141,281.5859375,167.295730643256,180.24609375,2745.1615558412523,laptop_battery_total:BAT1,4,40,582,true
phase_bt_greeting_20260819_123912_000,bt,greeting,bt_setup_pre_execution,phase,bt_executor,1787135952721943792,1787135956340906213,3618.962421,27.725479256114383,153.38345864661653,171.80712890625,199.1953125,86.65548706054688,120.111328125,,laptop_battery_total:BAT1,2,25,32,true
phase_bt_greeting_20260819_123912_000,bt,greeting,bt_setup_pre_execution,phase,total_measured_processes,1787135952721943792,1787135956340906213,3618.962421,27.725479256114383,153.38345864661653,171.80712890625,199.1953125,86.65548706054688,120.111328125,148.28337686083978,laptop_battery_total:BAT1,2,25,32,true
phase_bt_greeting_20260819_123912_000,bt,greeting,execution,phase,bt_executor,1787135956340906213,1787135996526522352,40185.616139,7.4044513928962745,52.74725274725275,227.19684866573033,231.45703125,153.92120841379915,158.515625,,laptop_battery_total:BAT1,2,26,356,true
phase_bt_greeting_20260819_123912_000,bt,greeting,execution,phase,total_measured_processes,1787135956340906213,1787135996526522352,40185.616139,7.4044513928962745,52.74725274725275,227.19684866573033,231.45703125,153.92120841379915,158.515625,1668.2591377473145,laptop_battery_total:BAT1,2,26,356,true
phase_bt_greeting_20260819_123912_000,bt,greeting,completion_propagation,phase,total_measured_processes,1787135996526522352,1787135996526656323,0.133971,,,,,,,,laptop_battery_total:BAT1,0,0,0,false
phase_bt_greeting_20260819_123912_000,bt,greeting,post_completion,phase,total_measured_processes,1787135996526656323,1787135996526678305,0.021982,,,,,,,,laptop_battery_total:BAT1,0,0,0,false
phase_bt_greeting_20260819_123912_000,bt,greeting,pre_execution,comparable,bt_executor,1787135952721943792,1787135956340906213,3618.962421,27.725479256114383,153.38345864661653,171.80712890625,199.1953125,86.65548706054688,120.111328125,,laptop_battery_total:BAT1,2,25,32,true
phase_bt_greeting_20260819_123912_000,bt,greeting,pre_execution,comparable,total_measured_processes,1787135952721943792,1787135956340906213,3618.962421,27.725479256114383,153.38345864661653,171.80712890625,199.1953125,86.65548706054688,120.111328125,148.28337686083978,laptop_battery_total:BAT1,2,25,32,true
phase_bt_greeting_20260819_123912_000,bt,greeting,e2e_active,e2e,bt_executor,1787135952721943792,1787135996526678305,43804.734513,9.080412453780225,153.38345864661653,222.6286243556701,231.45703125,148.37352005476805,158.515625,,laptop_battery_total:BAT1,2,26,388,true
phase_bt_greeting_20260819_123912_000,bt,greeting,e2e_active,e2e,total_measured_processes,1787135952721943792,1787135996526678305,43804.734513,9.080412453780225,153.38345864661653,222.6286243556701,231.45703125,148.37352005476805,158.515625,1821.313034208455,laptop_battery_total:BAT1,2,26,388,true
phase_bt_greeting_20260819_123912_000,bt,greeting,e2e_capability,e2e,bt_executor,1787135956340906213,1787135996526656323,40185.75011,7.4044513928962745,52.74725274725275,227.19684866573033,231.45703125,153.92120841379915,158.515625,,laptop_battery_total:BAT1,2,26,356,true
phase_bt_greeting_20260819_123912_000,bt,greeting,e2e_capability,e2e,total_measured_processes,1787135956340906213,1787135996526656323,40185.75011,7.4044513928962745,52.74725274725275,227.19684866573033,231.45703125,153.92120841379915,158.515625,1668.2591377473145,laptop_battery_total:BAT1,2,26,356,true
phase_bt_greeting_20260819_123957_005,bt,greeting,bt_setup_pre_execution,phase,bt_executor,1787135997730083707,1787136004652919417,6922.83571,17.8489914704956,114.70588235294117,185.29202368951613,206.21484375,105.18316847278226,125.513671875,,laptop_battery_total:BAT1,2,25,62,true
phase_bt_greeting_20260819_123957_005,bt,greeting,bt_setup_pre_execution,phase,total_measured_processes,1787135997730083707,1787136004652919417,6922.83571,17.8489914704956,114.70588235294117,185.29202368951613,206.21484375,105.18316847278226,125.513671875,286.5500643748892,laptop_battery_total:BAT1,2,25,62,true
phase_bt_greeting_20260819_123957_005,bt,greeting,execution,phase,bt_executor,1787136004652919417,1787136046920582031,42267.662614,7.038510404049539,36.36363636363637,227.78854166666667,231.03125,154.49337760416665,158.0546875,,laptop_battery_total:BAT1,2,26,375,true
phase_bt_greeting_20260819_123957_005,bt,greeting,execution,phase,total_measured_processes,1787136004652919417,1787136046920582031,42267.662614,7.038510404049539,36.36363636363637,227.78854166666667,231.03125,154.49337760416665,158.0546875,1762.9933687950324,laptop_battery_total:BAT1,2,26,375,true
phase_bt_greeting_20260819_123957_005,bt,greeting,completion_propagation,phase,total_measured_processes,1787136046920582031,1787136046920754315,0.172284,,,,,,,,laptop_battery_total:BAT1,0,0,0,false
phase_bt_greeting_20260819_123957_005,bt,greeting,post_completion,phase,total_measured_processes,1787136046920754315,1787136046920771006,0.016691,,,,,,,,laptop_battery_total:BAT1,0,0,0,false
phase_bt_greeting_20260819_123957_005,bt,greeting,pre_execution,comparable,bt_executor,1787135997730083707,1787136004652919417,6922.83571,17.8489914704956,114.70588235294117,185.29202368951613,206.21484375,105.18316847278226,125.513671875,,laptop_battery_total:BAT1,2,25,62,true
phase_bt_greeting_20260819_123957_005,bt,greeting,pre_execution,comparable,total_measured_processes,1787135997730083707,1787136004652919417,6922.83571,17.8489914704956,114.70588235294117,185.29202368951613,206.21484375,105.18316847278226,125.513671875,286.5500643748892,laptop_battery_total:BAT1,2,25,62,true
phase_bt_greeting_20260819_123957_005,bt,greeting,e2e_active,e2e,bt_executor,1787135997730083707,1787136046920771006,49190.687299,8.572262866565902,114.70588235294117,221.75928739988558,231.03125,147.49742115989702,158.0546875,,laptop_battery_total:BAT1,2,26,437,true
phase_bt_greeting_20260819_123957_005,bt,greeting,e2e_active,e2e,total_measured_processes,1787135997730083707,1787136046920771006,49190.687299,8.572262866565902,114.70588235294117,221.75928739988558,231.03125,147.49742115989702,158.0546875,2054.4474828765888,laptop_battery_total:BAT1,2,26,437,true
phase_bt_greeting_20260819_123957_005,bt,greeting,e2e_capability,e2e,bt_executor,1787136004652919417,1787136046920754315,42267.834898,7.038510404049539,36.36363636363637,227.78854166666667,231.03125,154.49337760416665,158.0546875,,laptop_battery_total:BAT1,2,26,375,true
phase_bt_greeting_20260819_123957_005,bt,greeting,e2e_capability,e2e,total_measured_processes,1787136004652919417,1787136046920754315,42267.834898,7.038510404049539,36.36363636363637,227.78854166666667,231.03125,154.49337760416665,158.0546875,1762.9933687950324,laptop_battery_total:BAT1,2,26,375,true
